[{"id":1,"first_name":"Vincents","last_name":"Etherington","email":"vetherington0@ca.gov"},
{"id":2,"first_name":"Shaun","last_name":"Poulston","email":"spoulston1@drupal.org"},
{"id":3,"first_name":"Freddie","last_name":"Chaytor","email":"fchaytor2@macromedia.com"},
{"id":4,"first_name":"Celeste","last_name":"Bottinelli","email":"cbottinelli3@techcrunch.com"},
{"id":5,"first_name":"Brunhilde","last_name":"Bollands","email":"bbollands4@so-net.ne.jp"},
{"id":6,"first_name":"Kaitlyn","last_name":"Blodgett","email":"kblodgett5@foxnews.com"},
{"id":7,"first_name":"Bibbye","last_name":"Darbishire","email":"bdarbishire6@mapquest.com"},
{"id":8,"first_name":"Maitilde","last_name":"Fumagall","email":"mfumagall7@fda.gov"},
{"id":9,"first_name":"Augusto","last_name":"Lougheed","email":"alougheed8@ask.com"},
{"id":10,"first_name":"Joseph","last_name":"Ivasechko","email":"jivasechko9@t-online.de"},
{"id":11,"first_name":"Con","last_name":"Heball","email":"cheballa@eventbrite.com"},
{"id":12,"first_name":"Rutter","last_name":"Deaves","email":"rdeavesb@paginegialle.it"},
{"id":13,"first_name":"Jules","last_name":"Derrick","email":"jderrickc@hp.com"},
{"id":14,"first_name":"Hubert","last_name":"Exelby","email":"hexelbyd@springer.com"},
{"id":15,"first_name":"Korrie","last_name":"Senett","email":"ksenette@google.pl"},
{"id":16,"first_name":"Morry","last_name":"Danilevich","email":"mdanilevichf@twitter.com"},
{"id":17,"first_name":"Leon","last_name":"Videan","email":"lvideang@archive.org"},
{"id":18,"first_name":"Kristan","last_name":"Kops","email":"kkopsh@g.co"},
{"id":19,"first_name":"Cristabel","last_name":"McGovern","email":"cmcgoverni@icq.com"},
{"id":20,"first_name":"Etheline","last_name":"Kinnach","email":"ekinnachj@xinhuanet.com"},
{"id":21,"first_name":"Florentia","last_name":"Fenne","email":"ffennek@t-online.de"},
{"id":22,"first_name":"Ekaterina","last_name":"Reasce","email":"ereascel@cnn.com"},
{"id":23,"first_name":"Nolana","last_name":"Hucker","email":"nhuckerm@uiuc.edu"},
{"id":24,"first_name":"Colene","last_name":"Mantrup","email":"cmantrupn@mayoclinic.com"},
{"id":25,"first_name":"Aldin","last_name":"Lethebridge","email":"alethebridgeo@apple.com"},
{"id":26,"first_name":"Anitra","last_name":"Peggs","email":"apeggsp@mozilla.org"},
{"id":27,"first_name":"Rob","last_name":"Woodfield","email":"rwoodfieldq@stanford.edu"},
{"id":28,"first_name":"Sheba","last_name":"Collyns","email":"scollynsr@prlog.org"},
{"id":29,"first_name":"Pietra","last_name":"Pridmore","email":"ppridmores@cdc.gov"},
{"id":30,"first_name":"Ardath","last_name":"Youdell","email":"ayoudellt@umich.edu"},
{"id":31,"first_name":"Kris","last_name":"Rubke","email":"krubkeu@example.com"},
{"id":32,"first_name":"Tabbie","last_name":"Tinker","email":"ttinkerv@addthis.com"},
{"id":33,"first_name":"Pietro","last_name":"McLeod","email":"pmcleodw@cbc.ca"},
{"id":34,"first_name":"Arvie","last_name":"Gilbee","email":"agilbeex@drupal.org"},
{"id":35,"first_name":"Bernita","last_name":"Castagnaro","email":"bcastagnaroy@ted.com"},
{"id":36,"first_name":"Gweneth","last_name":"Howett","email":"ghowettz@theglobeandmail.com"},
{"id":37,"first_name":"Yvon","last_name":"Bellows","email":"ybellows10@cdbaby.com"},
{"id":38,"first_name":"Maria","last_name":"Blackler","email":"mblackler11@yahoo.com"},
{"id":39,"first_name":"Blithe","last_name":"Hufton","email":"bhufton12@google.com.au"},
{"id":40,"first_name":"Abeu","last_name":"Lerwell","email":"alerwell13@chicagotribune.com"},
{"id":41,"first_name":"Leah","last_name":"Josefsohn","email":"ljosefsohn14@tinypic.com"},
{"id":42,"first_name":"Bobette","last_name":"Challener","email":"bchallener15@youku.com"},
{"id":43,"first_name":"Evaleen","last_name":"Dansie","email":"edansie16@cbc.ca"},
{"id":44,"first_name":"Inger","last_name":"Figgures","email":"ifiggures17@opera.com"},
{"id":45,"first_name":"Alla","last_name":"Varley","email":"avarley18@businesswire.com"},
{"id":46,"first_name":"Midge","last_name":"Sponton","email":"msponton19@earthlink.net"},
{"id":47,"first_name":"Marcie","last_name":"McAlees","email":"mmcalees1a@gnu.org"},
{"id":48,"first_name":"Rosalind","last_name":"Bealton","email":"rbealton1b@ucla.edu"},
{"id":49,"first_name":"Becky","last_name":"Parrin","email":"bparrin1c@squidoo.com"},
{"id":50,"first_name":"Leonie","last_name":"Saice","email":"lsaice1d@webnode.com"},
{"id":51,"first_name":"Joachim","last_name":"Grantham","email":"jgrantham1e@wufoo.com"},
{"id":52,"first_name":"Edgard","last_name":"Lowton","email":"elowton1f@utexas.edu"},
{"id":53,"first_name":"Van","last_name":"Owers","email":"vowers1g@rakuten.co.jp"},
{"id":54,"first_name":"Essa","last_name":"Goodie","email":"egoodie1h@springer.com"},
{"id":55,"first_name":"Jacquenetta","last_name":"Loghan","email":"jloghan1i@blinklist.com"},
{"id":56,"first_name":"Thurston","last_name":"McCombe","email":"tmccombe1j@samsung.com"},
{"id":57,"first_name":"Nevsa","last_name":"Gerritzen","email":"ngerritzen1k@hud.gov"},
{"id":58,"first_name":"Weston","last_name":"Ullyatt","email":"wullyatt1l@amazonaws.com"},
{"id":59,"first_name":"Averell","last_name":"Fuxman","email":"afuxman1m@imgur.com"},
{"id":60,"first_name":"Pandora","last_name":"McCombe","email":"pmccombe1n@bizjournals.com"},
{"id":61,"first_name":"Alyse","last_name":"Trenoweth","email":"atrenoweth1o@drupal.org"},
{"id":62,"first_name":"Maddie","last_name":"Macquire","email":"mmacquire1p@bizjournals.com"},
{"id":63,"first_name":"Janeczka","last_name":"Touzey","email":"jtouzey1q@telegraph.co.uk"},
{"id":64,"first_name":"Marlon","last_name":"Scrinage","email":"mscrinage1r@nih.gov"},
{"id":65,"first_name":"Marsiella","last_name":"Ramos","email":"mramos1s@linkedin.com"},
{"id":66,"first_name":"Rochella","last_name":"Dennerly","email":"rdennerly1t@symantec.com"},
{"id":67,"first_name":"Arabella","last_name":"Holley","email":"aholley1u@mlb.com"},
{"id":68,"first_name":"Phineas","last_name":"MacGaffey","email":"pmacgaffey1v@nytimes.com"},
{"id":69,"first_name":"Laurence","last_name":"Reedick","email":"lreedick1w@apache.org"},
{"id":70,"first_name":"Jilleen","last_name":"Piccop","email":"jpiccop1x@msu.edu"},
{"id":71,"first_name":"Paul","last_name":"Graber","email":"pgraber1y@mozilla.com"},
{"id":72,"first_name":"Leena","last_name":"Buy","email":"lbuy1z@samsung.com"},
{"id":73,"first_name":"Averell","last_name":"Molloy","email":"amolloy20@bravesites.com"},
{"id":74,"first_name":"Kellen","last_name":"Normanvill","email":"knormanvill21@slideshare.net"},
{"id":75,"first_name":"Fitz","last_name":"Tobin","email":"ftobin22@a8.net"},
{"id":76,"first_name":"Edouard","last_name":"Copins","email":"ecopins23@tripod.com"},
{"id":77,"first_name":"Ortensia","last_name":"Wignall","email":"owignall24@cbc.ca"},
{"id":78,"first_name":"Caitlin","last_name":"Cofax","email":"ccofax25@free.fr"},
{"id":79,"first_name":"Fran","last_name":"Ternouth","email":"fternouth26@netvibes.com"},
{"id":80,"first_name":"Nicholas","last_name":"Martignoni","email":"nmartignoni27@wikia.com"},
{"id":81,"first_name":"Lanie","last_name":"Charman","email":"lcharman28@unicef.org"},
{"id":82,"first_name":"Byran","last_name":"Drover","email":"bdrover29@toplist.cz"},
{"id":83,"first_name":"Andy","last_name":"Coda","email":"acoda2a@people.com.cn"},
{"id":84,"first_name":"Pembroke","last_name":"Such","email":"psuch2b@reddit.com"},
{"id":85,"first_name":"Keefe","last_name":"Ashbee","email":"kashbee2c@squarespace.com"},
{"id":86,"first_name":"Si","last_name":"Ruddock","email":"sruddock2d@engadget.com"},
{"id":87,"first_name":"Brok","last_name":"McLeary","email":"bmcleary2e@mail.ru"},
{"id":88,"first_name":"Celinda","last_name":"Covert","email":"ccovert2f@cocolog-nifty.com"},
{"id":89,"first_name":"Raf","last_name":"Dasent","email":"rdasent2g@odnoklassniki.ru"},
{"id":90,"first_name":"Rutledge","last_name":"McLae","email":"rmclae2h@istockphoto.com"},
{"id":91,"first_name":"Chauncey","last_name":"Gilston","email":"cgilston2i@taobao.com"},
{"id":92,"first_name":"Cassandre","last_name":"Dellatorre","email":"cdellatorre2j@nature.com"},
{"id":93,"first_name":"Jarib","last_name":"Chappelle","email":"jchappelle2k@cam.ac.uk"},
{"id":94,"first_name":"Elenore","last_name":"Daly","email":"edaly2l@bigcartel.com"},
{"id":95,"first_name":"Lulu","last_name":"Nielson","email":"lnielson2m@yolasite.com"},
{"id":96,"first_name":"Care","last_name":"Cornew","email":"ccornew2n@cam.ac.uk"},
{"id":97,"first_name":"Matteo","last_name":"McGahy","email":"mmcgahy2o@nps.gov"},
{"id":98,"first_name":"Wally","last_name":"Tidey","email":"wtidey2p@devhub.com"},
{"id":99,"first_name":"Vanya","last_name":"Keerl","email":"vkeerl2q@bizjournals.com"},
{"id":100,"first_name":"Lola","last_name":"Skerman","email":"lskerman2r@comcast.net"},
{"id":101,"first_name":"Iain","last_name":"Fleming","email":"ifleming2s@bbc.co.uk"},
{"id":102,"first_name":"Janet","last_name":"Walding","email":"jwalding2t@cisco.com"},
{"id":103,"first_name":"Edik","last_name":"Fidal","email":"efidal2u@infoseek.co.jp"},
{"id":104,"first_name":"Rozele","last_name":"Gaishson","email":"rgaishson2v@slashdot.org"},
{"id":105,"first_name":"Forester","last_name":"McCallion","email":"fmccallion2w@google.nl"},
{"id":106,"first_name":"Arnie","last_name":"Slimme","email":"aslimme2x@columbia.edu"},
{"id":107,"first_name":"Daphna","last_name":"Malins","email":"dmalins2y@google.it"},
{"id":108,"first_name":"Selestina","last_name":"Delaney","email":"sdelaney2z@bigcartel.com"},
{"id":109,"first_name":"Grady","last_name":"Smaling","email":"gsmaling30@mapy.cz"},
{"id":110,"first_name":"Feliks","last_name":"Benedettini","email":"fbenedettini31@microsoft.com"},
{"id":111,"first_name":"Marianna","last_name":"Schaffel","email":"mschaffel32@moonfruit.com"},
{"id":112,"first_name":"Orelia","last_name":"Chapell","email":"ochapell33@indiatimes.com"},
{"id":113,"first_name":"Romonda","last_name":"Webbe","email":"rwebbe34@nba.com"},
{"id":114,"first_name":"Oralee","last_name":"Shakespeare","email":"oshakespeare35@last.fm"},
{"id":115,"first_name":"Augustus","last_name":"Praill","email":"apraill36@blogtalkradio.com"},
{"id":116,"first_name":"Reinaldo","last_name":"Arbon","email":"rarbon37@delicious.com"},
{"id":117,"first_name":"Justino","last_name":"Swine","email":"jswine38@hc360.com"},
{"id":118,"first_name":"Diann","last_name":"Yeskov","email":"dyeskov39@biblegateway.com"},
{"id":119,"first_name":"Scott","last_name":"Davidovich","email":"sdavidovich3a@ovh.net"},
{"id":120,"first_name":"Lyman","last_name":"Weson","email":"lweson3b@yelp.com"},
{"id":121,"first_name":"Binky","last_name":"Willmott","email":"bwillmott3c@ucla.edu"},
{"id":122,"first_name":"Georg","last_name":"Sauniere","email":"gsauniere3d@ftc.gov"},
{"id":123,"first_name":"Cos","last_name":"Sutch","email":"csutch3e@skyrock.com"},
{"id":124,"first_name":"Kathlin","last_name":"Dewicke","email":"kdewicke3f@amazon.co.uk"},
{"id":125,"first_name":"Jeffry","last_name":"Rubinowitsch","email":"jrubinowitsch3g@lulu.com"},
{"id":126,"first_name":"Min","last_name":"Limon","email":"mlimon3h@ifeng.com"},
{"id":127,"first_name":"Jimmy","last_name":"Hallen","email":"jhallen3i@va.gov"},
{"id":128,"first_name":"Arman","last_name":"Aliman","email":"aaliman3j@digg.com"},
{"id":129,"first_name":"Sileas","last_name":"Lorroway","email":"slorroway3k@github.io"},
{"id":130,"first_name":"Leonardo","last_name":"Cockett","email":"lcockett3l@hostgator.com"},
{"id":131,"first_name":"Hatti","last_name":"Ivakin","email":"hivakin3m@godaddy.com"},
{"id":132,"first_name":"Jammal","last_name":"Danzig","email":"jdanzig3n@yale.edu"},
{"id":133,"first_name":"Jocelyn","last_name":"Coppock.","email":"jcoppock3o@vimeo.com"},
{"id":134,"first_name":"Rodi","last_name":"Clough","email":"rclough3p@xrea.com"},
{"id":135,"first_name":"Keefe","last_name":"MacDonagh","email":"kmacdonagh3q@nsw.gov.au"},
{"id":136,"first_name":"Abbe","last_name":"Halladey","email":"ahalladey3r@yellowbook.com"},
{"id":137,"first_name":"Davita","last_name":"Nabbs","email":"dnabbs3s@squarespace.com"},
{"id":138,"first_name":"Packston","last_name":"Cullinan","email":"pcullinan3t@globo.com"},
{"id":139,"first_name":"Annaliese","last_name":"Clancy","email":"aclancy3u@friendfeed.com"},
{"id":140,"first_name":"Marabel","last_name":"Ramiro","email":"mramiro3v@cnbc.com"},
{"id":141,"first_name":"Keenan","last_name":"Miliffe","email":"kmiliffe3w@fotki.com"},
{"id":142,"first_name":"Junina","last_name":"Thomasset","email":"jthomasset3x@webnode.com"},
{"id":143,"first_name":"Alano","last_name":"Gouthier","email":"agouthier3y@tamu.edu"},
{"id":144,"first_name":"Carlyle","last_name":"Zettler","email":"czettler3z@prweb.com"},
{"id":145,"first_name":"Stewart","last_name":"Benwell","email":"sbenwell40@smugmug.com"},
{"id":146,"first_name":"Kinnie","last_name":"Ransom","email":"kransom41@japanpost.jp"},
{"id":147,"first_name":"Abbott","last_name":"Klimochkin","email":"aklimochkin42@bloglines.com"},
{"id":148,"first_name":"Godfry","last_name":"De Carteret","email":"gdecarteret43@posterous.com"},
{"id":149,"first_name":"Alf","last_name":"Breyt","email":"abreyt44@mozilla.com"},
{"id":150,"first_name":"Latia","last_name":"Chartres","email":"lchartres45@ifeng.com"},
{"id":151,"first_name":"Tobye","last_name":"Pettett","email":"tpettett46@ihg.com"},
{"id":152,"first_name":"Dalt","last_name":"Dwyer","email":"ddwyer47@ask.com"},
{"id":153,"first_name":"Rosaleen","last_name":"Scneider","email":"rscneider48@utexas.edu"},
{"id":154,"first_name":"Blythe","last_name":"Brockherst","email":"bbrockherst49@fda.gov"},
{"id":155,"first_name":"Yoshi","last_name":"Leedal","email":"yleedal4a@samsung.com"},
{"id":156,"first_name":"Hakeem","last_name":"Carruthers","email":"hcarruthers4b@vimeo.com"},
{"id":157,"first_name":"Brock","last_name":"Blunsum","email":"bblunsum4c@eventbrite.com"},
{"id":158,"first_name":"Clovis","last_name":"Basnett","email":"cbasnett4d@parallels.com"},
{"id":159,"first_name":"Teresita","last_name":"D'Adda","email":"tdadda4e@xrea.com"},
{"id":160,"first_name":"Sanford","last_name":"Beacom","email":"sbeacom4f@scribd.com"},
{"id":161,"first_name":"Niall","last_name":"Comelini","email":"ncomelini4g@360.cn"},
{"id":162,"first_name":"Tallie","last_name":"Bresner","email":"tbresner4h@oracle.com"},
{"id":163,"first_name":"Trish","last_name":"Detoile","email":"tdetoile4i@java.com"},
{"id":164,"first_name":"Robinet","last_name":"Eckhard","email":"reckhard4j@scribd.com"},
{"id":165,"first_name":"Justinn","last_name":"Pink","email":"jpink4k@w3.org"},
{"id":166,"first_name":"Rainer","last_name":"Prattin","email":"rprattin4l@indiegogo.com"},
{"id":167,"first_name":"Pavla","last_name":"Birth","email":"pbirth4m@sbwire.com"},
{"id":168,"first_name":"Prissie","last_name":"Ridger","email":"pridger4n@imdb.com"},
{"id":169,"first_name":"Lucho","last_name":"Driver","email":"ldriver4o@zdnet.com"},
{"id":170,"first_name":"Melanie","last_name":"Commin","email":"mcommin4p@upenn.edu"},
{"id":171,"first_name":"Lezlie","last_name":"Quakley","email":"lquakley4q@amazon.co.uk"},
{"id":172,"first_name":"Lisetta","last_name":"Farrants","email":"lfarrants4r@jigsy.com"},
{"id":173,"first_name":"Neddy","last_name":"Weekley","email":"nweekley4s@state.gov"},
{"id":174,"first_name":"Abran","last_name":"Stollard","email":"astollard4t@telegraph.co.uk"},
{"id":175,"first_name":"Aveline","last_name":"Waghorn","email":"awaghorn4u@wordpress.com"},
{"id":176,"first_name":"Danella","last_name":"Izkovitz","email":"dizkovitz4v@google.cn"},
{"id":177,"first_name":"Millisent","last_name":"Lough","email":"mlough4w@apple.com"},
{"id":178,"first_name":"Decca","last_name":"Drewett","email":"ddrewett4x@hao123.com"},
{"id":179,"first_name":"Dinny","last_name":"Tourne","email":"dtourne4y@amazon.com"},
{"id":180,"first_name":"Ailee","last_name":"Eliassen","email":"aeliassen4z@google.ru"},
{"id":181,"first_name":"Crystal","last_name":"Mantz","email":"cmantz50@nationalgeographic.com"},
{"id":182,"first_name":"Noam","last_name":"Hallmark","email":"nhallmark51@infoseek.co.jp"},
{"id":183,"first_name":"Meade","last_name":"Caughte","email":"mcaughte52@sciencedaily.com"},
{"id":184,"first_name":"Matty","last_name":"Ellul","email":"mellul53@google.ca"},
{"id":185,"first_name":"Cort","last_name":"Curtois","email":"ccurtois54@princeton.edu"},
{"id":186,"first_name":"Emmet","last_name":"Rapo","email":"erapo55@about.me"},
{"id":187,"first_name":"Hobard","last_name":"Ionn","email":"hionn56@cam.ac.uk"},
{"id":188,"first_name":"Lennie","last_name":"Astbury","email":"lastbury57@harvard.edu"},
{"id":189,"first_name":"Vanessa","last_name":"Skin","email":"vskin58@vkontakte.ru"},
{"id":190,"first_name":"Lyle","last_name":"Hammor","email":"lhammor59@sphinn.com"},
{"id":191,"first_name":"Talya","last_name":"Bloss","email":"tbloss5a@cisco.com"},
{"id":192,"first_name":"Carmela","last_name":"Broadbury","email":"cbroadbury5b@about.com"},
{"id":193,"first_name":"Quintina","last_name":"Rawdales","email":"qrawdales5c@tiny.cc"},
{"id":194,"first_name":"Vilma","last_name":"Keith","email":"vkeith5d@miitbeian.gov.cn"},
{"id":195,"first_name":"Mersey","last_name":"Aspital","email":"maspital5e@geocities.com"},
{"id":196,"first_name":"Junia","last_name":"Spincks","email":"jspincks5f@arstechnica.com"},
{"id":197,"first_name":"Ezequiel","last_name":"Duesberry","email":"eduesberry5g@ycombinator.com"},
{"id":198,"first_name":"Leshia","last_name":"Quinlan","email":"lquinlan5h@delicious.com"},
{"id":199,"first_name":"Avrit","last_name":"Drakes","email":"adrakes5i@51.la"},
{"id":200,"first_name":"Zackariah","last_name":"McLemon","email":"zmclemon5j@com.com"},
{"id":201,"first_name":"Desiri","last_name":"Behne","email":"dbehne5k@wsj.com"},
{"id":202,"first_name":"Nathanil","last_name":"Bark","email":"nbark5l@bloglines.com"},
{"id":203,"first_name":"Billy","last_name":"Kleinfeld","email":"bkleinfeld5m@abc.net.au"},
{"id":204,"first_name":"Tori","last_name":"Gilbard","email":"tgilbard5n@com.com"},
{"id":205,"first_name":"Meggi","last_name":"Macquire","email":"mmacquire5o@ocn.ne.jp"},
{"id":206,"first_name":"Bradan","last_name":"Annion","email":"bannion5p@harvard.edu"},
{"id":207,"first_name":"Ilise","last_name":"Meysham","email":"imeysham5q@sciencedaily.com"},
{"id":208,"first_name":"Linus","last_name":"Mottershaw","email":"lmottershaw5r@google.com.hk"},
{"id":209,"first_name":"Holli","last_name":"Life","email":"hlife5s@army.mil"},
{"id":210,"first_name":"Moises","last_name":"Edens","email":"medens5t@archive.org"},
{"id":211,"first_name":"Shayne","last_name":"O'Callaghan","email":"socallaghan5u@google.pl"},
{"id":212,"first_name":"Frank","last_name":"Ondrak","email":"fondrak5v@ft.com"},
{"id":213,"first_name":"Norrie","last_name":"Duffin","email":"nduffin5w@house.gov"},
{"id":214,"first_name":"Katy","last_name":"Chadband","email":"kchadband5x@vistaprint.com"},
{"id":215,"first_name":"Doralin","last_name":"Arlott","email":"darlott5y@patch.com"},
{"id":216,"first_name":"Anette","last_name":"Threadgold","email":"athreadgold5z@sciencedirect.com"},
{"id":217,"first_name":"Berta","last_name":"Meeny","email":"bmeeny60@mlb.com"},
{"id":218,"first_name":"Anabelle","last_name":"Wattinham","email":"awattinham61@va.gov"},
{"id":219,"first_name":"Camila","last_name":"Volks","email":"cvolks62@wikimedia.org"},
{"id":220,"first_name":"Norma","last_name":"Parrington","email":"nparrington63@blogs.com"},
{"id":221,"first_name":"Halimeda","last_name":"Dennerly","email":"hdennerly64@imgur.com"},
{"id":222,"first_name":"Ulysses","last_name":"Flett","email":"uflett65@huffingtonpost.com"},
{"id":223,"first_name":"Rey","last_name":"Flatte","email":"rflatte66@hud.gov"},
{"id":224,"first_name":"Babbie","last_name":"Teague","email":"bteague67@prlog.org"},
{"id":225,"first_name":"Seana","last_name":"Camus","email":"scamus68@ucoz.ru"},
{"id":226,"first_name":"Felipe","last_name":"Morais","email":"fmorais69@weibo.com"},
{"id":227,"first_name":"Frankie","last_name":"Hatherley","email":"fhatherley6a@simplemachines.org"},
{"id":228,"first_name":"Isabelita","last_name":"Barbe","email":"ibarbe6b@tinyurl.com"},
{"id":229,"first_name":"Enriqueta","last_name":"Dmtrovic","email":"edmtrovic6c@xrea.com"},
{"id":230,"first_name":"Gretal","last_name":"Rye","email":"grye6d@ning.com"},
{"id":231,"first_name":"Odelinda","last_name":"Perigeaux","email":"operigeaux6e@samsung.com"},
{"id":232,"first_name":"Stella","last_name":"Granger","email":"sgranger6f@netlog.com"},
{"id":233,"first_name":"Neilla","last_name":"Baudrey","email":"nbaudrey6g@yahoo.co.jp"},
{"id":234,"first_name":"Moira","last_name":"Coldwell","email":"mcoldwell6h@chronoengine.com"},
{"id":235,"first_name":"Jeniffer","last_name":"Munning","email":"jmunning6i@angelfire.com"},
{"id":236,"first_name":"Lanny","last_name":"Luckcuck","email":"lluckcuck6j@abc.net.au"},
{"id":237,"first_name":"Ring","last_name":"Filipputti","email":"rfilipputti6k@wix.com"},
{"id":238,"first_name":"Moses","last_name":"Merrilees","email":"mmerrilees6l@alexa.com"},
{"id":239,"first_name":"Amitie","last_name":"Antill","email":"aantill6m@phoca.cz"},
{"id":240,"first_name":"Abbey","last_name":"Camoletto","email":"acamoletto6n@patch.com"},
{"id":241,"first_name":"Kiley","last_name":"Krale","email":"kkrale6o@google.es"},
{"id":242,"first_name":"Meade","last_name":"Smallcombe","email":"msmallcombe6p@youtube.com"},
{"id":243,"first_name":"Lorri","last_name":"MacGeaney","email":"lmacgeaney6q@virginia.edu"},
{"id":244,"first_name":"Zondra","last_name":"Winney","email":"zwinney6r@amazonaws.com"},
{"id":245,"first_name":"Wilmette","last_name":"Sapsforde","email":"wsapsforde6s@kickstarter.com"},
{"id":246,"first_name":"Seana","last_name":"Detheridge","email":"sdetheridge6t@census.gov"},
{"id":247,"first_name":"Filmer","last_name":"Beecheno","email":"fbeecheno6u@rediff.com"},
{"id":248,"first_name":"Preston","last_name":"Brewett","email":"pbrewett6v@gravatar.com"},
{"id":249,"first_name":"Beret","last_name":"Topley","email":"btopley6w@google.pl"},
{"id":250,"first_name":"Rora","last_name":"Brydon","email":"rbrydon6x@lulu.com"},
{"id":251,"first_name":"Cobbie","last_name":"Breeton","email":"cbreeton6y@geocities.com"},
{"id":252,"first_name":"Inge","last_name":"Hallgarth","email":"ihallgarth6z@google.ru"},
{"id":253,"first_name":"Lilllie","last_name":"Gertz","email":"lgertz70@purevolume.com"},
{"id":254,"first_name":"Howie","last_name":"Hillan","email":"hhillan71@rediff.com"},
{"id":255,"first_name":"Letitia","last_name":"Bowcher","email":"lbowcher72@redcross.org"},
{"id":256,"first_name":"Dov","last_name":"Sarre","email":"dsarre73@mediafire.com"},
{"id":257,"first_name":"Codie","last_name":"Halgarth","email":"chalgarth74@gravatar.com"},
{"id":258,"first_name":"Westbrooke","last_name":"Morgan","email":"wmorgan75@bandcamp.com"},
{"id":259,"first_name":"Urson","last_name":"Napthine","email":"unapthine76@prlog.org"},
{"id":260,"first_name":"Franklin","last_name":"Warrillow","email":"fwarrillow77@mlb.com"},
{"id":261,"first_name":"Abner","last_name":"Ecob","email":"aecob78@uol.com.br"},
{"id":262,"first_name":"Rosabel","last_name":"Buncher","email":"rbuncher79@microsoft.com"},
{"id":263,"first_name":"Sonya","last_name":"Ashlee","email":"sashlee7a@dyndns.org"},
{"id":264,"first_name":"Carmencita","last_name":"Fleis","email":"cfleis7b@yellowpages.com"},
{"id":265,"first_name":"Isaac","last_name":"Kitcatt","email":"ikitcatt7c@cam.ac.uk"},
{"id":266,"first_name":"Bernie","last_name":"Rookes","email":"brookes7d@webs.com"},
{"id":267,"first_name":"Alanah","last_name":"Mitro","email":"amitro7e@cargocollective.com"},
{"id":268,"first_name":"Julius","last_name":"Cisco","email":"jcisco7f@latimes.com"},
{"id":269,"first_name":"Kelby","last_name":"Billington","email":"kbillington7g@ucla.edu"},
{"id":270,"first_name":"Valentina","last_name":"Danter","email":"vdanter7h@devhub.com"},
{"id":271,"first_name":"Mozes","last_name":"Batecok","email":"mbatecok7i@boston.com"},
{"id":272,"first_name":"Tracee","last_name":"Scatchard","email":"tscatchard7j@mysql.com"},
{"id":273,"first_name":"Foss","last_name":"Avrahm","email":"favrahm7k@cbslocal.com"},
{"id":274,"first_name":"Thea","last_name":"Vannuccinii","email":"tvannuccinii7l@smugmug.com"},
{"id":275,"first_name":"Lisha","last_name":"Brunel","email":"lbrunel7m@home.pl"},
{"id":276,"first_name":"Bessy","last_name":"Mathevet","email":"bmathevet7n@digg.com"},
{"id":277,"first_name":"Desi","last_name":"Nucator","email":"dnucator7o@mlb.com"},
{"id":278,"first_name":"Marcelle","last_name":"Tesmond","email":"mtesmond7p@businessinsider.com"},
{"id":279,"first_name":"Leland","last_name":"Pennino","email":"lpennino7q@macromedia.com"},
{"id":280,"first_name":"Courtney","last_name":"Ballam","email":"cballam7r@etsy.com"},
{"id":281,"first_name":"Barton","last_name":"Mathwin","email":"bmathwin7s@blogspot.com"},
{"id":282,"first_name":"Dorice","last_name":"Wilne","email":"dwilne7t@surveymonkey.com"},
{"id":283,"first_name":"Curtice","last_name":"Dillow","email":"cdillow7u@gmpg.org"},
{"id":284,"first_name":"Gavrielle","last_name":"Thrower","email":"gthrower7v@netlog.com"},
{"id":285,"first_name":"Helenka","last_name":"Reggler","email":"hreggler7w@yandex.ru"},
{"id":286,"first_name":"Nickie","last_name":"Lanchbury","email":"nlanchbury7x@github.com"},
{"id":287,"first_name":"Jasen","last_name":"Ahrendsen","email":"jahrendsen7y@amazon.co.uk"},
{"id":288,"first_name":"Tucker","last_name":"O'Shevlin","email":"toshevlin7z@cloudflare.com"},
{"id":289,"first_name":"Malva","last_name":"Fullard","email":"mfullard80@abc.net.au"},
{"id":290,"first_name":"Teodora","last_name":"Thorald","email":"tthorald81@facebook.com"},
{"id":291,"first_name":"Webb","last_name":"De Moreno","email":"wdemoreno82@angelfire.com"},
{"id":292,"first_name":"Chicky","last_name":"Gann","email":"cgann83@unblog.fr"},
{"id":293,"first_name":"Suki","last_name":"Arnall","email":"sarnall84@angelfire.com"},
{"id":294,"first_name":"Lynn","last_name":"Kinsley","email":"lkinsley85@howstuffworks.com"},
{"id":295,"first_name":"Leonelle","last_name":"Pettyfer","email":"lpettyfer86@forbes.com"},
{"id":296,"first_name":"Corbet","last_name":"Tombs","email":"ctombs87@tmall.com"},
{"id":297,"first_name":"Alexine","last_name":"Adne","email":"aadne88@cafepress.com"},
{"id":298,"first_name":"Roobbie","last_name":"Shead","email":"rshead89@diigo.com"},
{"id":299,"first_name":"Winifield","last_name":"Brandolini","email":"wbrandolini8a@baidu.com"},
{"id":300,"first_name":"Hewett","last_name":"William","email":"hwilliam8b@skyrock.com"},
{"id":301,"first_name":"Karel","last_name":"Howis","email":"khowis8c@auda.org.au"},
{"id":302,"first_name":"Cobby","last_name":"Chatburn","email":"cchatburn8d@jiathis.com"},
{"id":303,"first_name":"Danna","last_name":"Braund","email":"dbraund8e@ucsd.edu"},
{"id":304,"first_name":"Darryl","last_name":"Chatters","email":"dchatters8f@ihg.com"},
{"id":305,"first_name":"Nikki","last_name":"Kimbury","email":"nkimbury8g@squarespace.com"},
{"id":306,"first_name":"Rodrique","last_name":"Lankester","email":"rlankester8h@pbs.org"},
{"id":307,"first_name":"Dasi","last_name":"Dinsey","email":"ddinsey8i@arstechnica.com"},
{"id":308,"first_name":"Olimpia","last_name":"Tighe","email":"otighe8j@baidu.com"},
{"id":309,"first_name":"Lonny","last_name":"Tommeo","email":"ltommeo8k@fda.gov"},
{"id":310,"first_name":"Veriee","last_name":"Scadding","email":"vscadding8l@reverbnation.com"},
{"id":311,"first_name":"Wallis","last_name":"Krzyzowski","email":"wkrzyzowski8m@ox.ac.uk"},
{"id":312,"first_name":"Zandra","last_name":"Icke","email":"zicke8n@scientificamerican.com"},
{"id":313,"first_name":"Ursa","last_name":"Farquarson","email":"ufarquarson8o@naver.com"},
{"id":314,"first_name":"Lynnelle","last_name":"Drewe","email":"ldrewe8p@usda.gov"},
{"id":315,"first_name":"Simona","last_name":"Duckering","email":"sduckering8q@netvibes.com"},
{"id":316,"first_name":"Georgie","last_name":"Tanswell","email":"gtanswell8r@uiuc.edu"},
{"id":317,"first_name":"Sebastien","last_name":"Rusling","email":"srusling8s@columbia.edu"},
{"id":318,"first_name":"Shirlee","last_name":"Hibbart","email":"shibbart8t@bandcamp.com"},
{"id":319,"first_name":"Cullan","last_name":"Teers","email":"cteers8u@gmpg.org"},
{"id":320,"first_name":"Robb","last_name":"Fanthome","email":"rfanthome8v@themeforest.net"},
{"id":321,"first_name":"Upton","last_name":"Losano","email":"ulosano8w@theglobeandmail.com"},
{"id":322,"first_name":"Burch","last_name":"Valencia","email":"bvalencia8x@chron.com"},
{"id":323,"first_name":"Renaud","last_name":"McHenry","email":"rmchenry8y@livejournal.com"},
{"id":324,"first_name":"Catina","last_name":"Hustings","email":"chustings8z@php.net"},
{"id":325,"first_name":"Pietrek","last_name":"Ferriby","email":"pferriby90@vinaora.com"},
{"id":326,"first_name":"Torre","last_name":"Gherarducci","email":"tgherarducci91@cmu.edu"},
{"id":327,"first_name":"Oran","last_name":"Playhill","email":"oplayhill92@google.ru"},
{"id":328,"first_name":"Bettina","last_name":"Davie","email":"bdavie93@unc.edu"},
{"id":329,"first_name":"Arabella","last_name":"Lavell","email":"alavell94@photobucket.com"},
{"id":330,"first_name":"Audy","last_name":"Roust","email":"aroust95@bigcartel.com"},
{"id":331,"first_name":"Claiborne","last_name":"Honnicott","email":"chonnicott96@live.com"},
{"id":332,"first_name":"Chiquita","last_name":"Sleith","email":"csleith97@umn.edu"},
{"id":333,"first_name":"Prince","last_name":"Ridhole","email":"pridhole98@wikispaces.com"},
{"id":334,"first_name":"Mareah","last_name":"Besson","email":"mbesson99@sciencedirect.com"},
{"id":335,"first_name":"Nicole","last_name":"Scowen","email":"nscowen9a@youku.com"},
{"id":336,"first_name":"Danica","last_name":"Swatman","email":"dswatman9b@amazon.co.uk"},
{"id":337,"first_name":"Kevan","last_name":"Selwyne","email":"kselwyne9c@linkedin.com"},
{"id":338,"first_name":"Angelica","last_name":"Lars","email":"alars9d@dagondesign.com"},
{"id":339,"first_name":"Aurlie","last_name":"Slowan","email":"aslowan9e@cisco.com"},
{"id":340,"first_name":"Albert","last_name":"Alasdair","email":"aalasdair9f@cisco.com"},
{"id":341,"first_name":"Dominic","last_name":"Dailly","email":"ddailly9g@furl.net"},
{"id":342,"first_name":"Pru","last_name":"Leathes","email":"pleathes9h@barnesandnoble.com"},
{"id":343,"first_name":"Towney","last_name":"Polet","email":"tpolet9i@archive.org"},
{"id":344,"first_name":"Justen","last_name":"Crum","email":"jcrum9j@com.com"},
{"id":345,"first_name":"Carlotta","last_name":"Angrock","email":"cangrock9k@google.pl"},
{"id":346,"first_name":"Trix","last_name":"Gibling","email":"tgibling9l@elpais.com"},
{"id":347,"first_name":"Ward","last_name":"Murrow","email":"wmurrow9m@weather.com"},
{"id":348,"first_name":"Uta","last_name":"Cerie","email":"ucerie9n@people.com.cn"},
{"id":349,"first_name":"Chrisse","last_name":"Craigmile","email":"ccraigmile9o@va.gov"},
{"id":350,"first_name":"Laird","last_name":"Dolbey","email":"ldolbey9p@buzzfeed.com"},
{"id":351,"first_name":"Martyn","last_name":"Fardy","email":"mfardy9q@forbes.com"},
{"id":352,"first_name":"Addy","last_name":"Andriveaux","email":"aandriveaux9r@ustream.tv"},
{"id":353,"first_name":"Fraser","last_name":"Fann","email":"ffann9s@biglobe.ne.jp"},
{"id":354,"first_name":"Theo","last_name":"Kilalea","email":"tkilalea9t@eventbrite.com"},
{"id":355,"first_name":"Genevra","last_name":"Seville","email":"gseville9u@alibaba.com"},
{"id":356,"first_name":"Clem","last_name":"Lay","email":"clay9v@goo.gl"},
{"id":357,"first_name":"Garrick","last_name":"Kinmond","email":"gkinmond9w@cloudflare.com"},
{"id":358,"first_name":"Diena","last_name":"Sesons","email":"dsesons9x@unblog.fr"},
{"id":359,"first_name":"Haley","last_name":"Zanneli","email":"hzanneli9y@google.com"},
{"id":360,"first_name":"Tiffi","last_name":"Manuel","email":"tmanuel9z@tiny.cc"},
{"id":361,"first_name":"Jarad","last_name":"Sproul","email":"jsproula0@wix.com"},
{"id":362,"first_name":"Kelsey","last_name":"Turfus","email":"kturfusa1@sfgate.com"},
{"id":363,"first_name":"Eal","last_name":"Spilsburie","email":"espilsburiea2@cpanel.net"},
{"id":364,"first_name":"Issy","last_name":"Smithson","email":"ismithsona3@si.edu"},
{"id":365,"first_name":"Lynnette","last_name":"Briscoe","email":"lbriscoea4@yellowpages.com"},
{"id":366,"first_name":"Matthew","last_name":"Szymanzyk","email":"mszymanzyka5@dell.com"},
{"id":367,"first_name":"Marlene","last_name":"Coverdale","email":"mcoverdalea6@is.gd"},
{"id":368,"first_name":"Murielle","last_name":"Gaine of England","email":"mgaineofenglanda7@howstuffworks.com"},
{"id":369,"first_name":"Giavani","last_name":"Mitkov","email":"gmitkova8@t-online.de"},
{"id":370,"first_name":"Amata","last_name":"Vasilyevski","email":"avasilyevskia9@1und1.de"},
{"id":371,"first_name":"Patrizius","last_name":"Kevern","email":"pkevernaa@purevolume.com"},
{"id":372,"first_name":"Giovanni","last_name":"Polson","email":"gpolsonab@chicagotribune.com"},
{"id":373,"first_name":"Mariejeanne","last_name":"Sambell","email":"msambellac@deviantart.com"},
{"id":374,"first_name":"Gretchen","last_name":"Aldie","email":"galdiead@creativecommons.org"},
{"id":375,"first_name":"Hillary","last_name":"Saphir","email":"hsaphirae@cafepress.com"},
{"id":376,"first_name":"Freemon","last_name":"Yesinov","email":"fyesinovaf@virginia.edu"},
{"id":377,"first_name":"Giuseppe","last_name":"MacDonald","email":"gmacdonaldag@sogou.com"},
{"id":378,"first_name":"Isac","last_name":"McClurg","email":"imcclurgah@123-reg.co.uk"},
{"id":379,"first_name":"Murry","last_name":"Youngs","email":"myoungsai@slate.com"},
{"id":380,"first_name":"Massimiliano","last_name":"Gurling","email":"mgurlingaj@weather.com"},
{"id":381,"first_name":"Marice","last_name":"McKilroe","email":"mmckilroeak@hexun.com"},
{"id":382,"first_name":"Romonda","last_name":"MacGarrity","email":"rmacgarrityal@statcounter.com"},
{"id":383,"first_name":"Launce","last_name":"Hartwright","email":"lhartwrightam@theguardian.com"},
{"id":384,"first_name":"Konstantin","last_name":"Roach","email":"kroachan@ebay.com"},
{"id":385,"first_name":"Gray","last_name":"Freegard","email":"gfreegardao@jigsy.com"},
{"id":386,"first_name":"Piggy","last_name":"Goaley","email":"pgoaleyap@topsy.com"},
{"id":387,"first_name":"Quent","last_name":"Helks","email":"qhelksaq@indiegogo.com"},
{"id":388,"first_name":"Milty","last_name":"Furmonger","email":"mfurmongerar@whitehouse.gov"},
{"id":389,"first_name":"Kermy","last_name":"Draijer","email":"kdraijeras@economist.com"},
{"id":390,"first_name":"Jobi","last_name":"Frantz","email":"jfrantzat@exblog.jp"},
{"id":391,"first_name":"Louisette","last_name":"Semper","email":"lsemperau@google.de"},
{"id":392,"first_name":"Meara","last_name":"Foxen","email":"mfoxenav@xing.com"},
{"id":393,"first_name":"Halsey","last_name":"Kenson","email":"hkensonaw@ask.com"},
{"id":394,"first_name":"Katrinka","last_name":"Dossetter","email":"kdossetterax@vkontakte.ru"},
{"id":395,"first_name":"Bearnard","last_name":"Lesmonde","email":"blesmondeay@wunderground.com"},
{"id":396,"first_name":"Lee","last_name":"Coxall","email":"lcoxallaz@buzzfeed.com"},
{"id":397,"first_name":"Micheline","last_name":"Burdoun","email":"mburdounb0@diigo.com"},
{"id":398,"first_name":"Linus","last_name":"Antowski","email":"lantowskib1@addthis.com"},
{"id":399,"first_name":"Augustus","last_name":"Van Halen","email":"avanhalenb2@csmonitor.com"},
{"id":400,"first_name":"Shelagh","last_name":"Diggens","email":"sdiggensb3@rambler.ru"},
{"id":401,"first_name":"Brandy","last_name":"Rockcliff","email":"brockcliffb4@wikispaces.com"},
{"id":402,"first_name":"Farly","last_name":"Williscroft","email":"fwilliscroftb5@japanpost.jp"},
{"id":403,"first_name":"Terence","last_name":"Coplestone","email":"tcoplestoneb6@upenn.edu"},
{"id":404,"first_name":"Denys","last_name":"Bealton","email":"dbealtonb7@chron.com"},
{"id":405,"first_name":"Mari","last_name":"Thow","email":"mthowb8@yale.edu"},
{"id":406,"first_name":"Matilda","last_name":"Deeny","email":"mdeenyb9@huffingtonpost.com"},
{"id":407,"first_name":"Ashlin","last_name":"Peddie","email":"apeddieba@dagondesign.com"},
{"id":408,"first_name":"Thomas","last_name":"Antalffy","email":"tantalffybb@marriott.com"},
{"id":409,"first_name":"Anabel","last_name":"Swiers","email":"aswiersbc@about.me"},
{"id":410,"first_name":"Anthia","last_name":"Shambroke","email":"ashambrokebd@123-reg.co.uk"},
{"id":411,"first_name":"Lindy","last_name":"MacIver","email":"lmaciverbe@oakley.com"},
{"id":412,"first_name":"Willette","last_name":"Gillice","email":"wgillicebf@hexun.com"},
{"id":413,"first_name":"Vonnie","last_name":"Serridge","email":"vserridgebg@usatoday.com"},
{"id":414,"first_name":"Karlee","last_name":"Woodsford","email":"kwoodsfordbh@slashdot.org"},
{"id":415,"first_name":"Humfrey","last_name":"Tesyro","email":"htesyrobi@tripadvisor.com"},
{"id":416,"first_name":"Rich","last_name":"Cornforth","email":"rcornforthbj@japanpost.jp"},
{"id":417,"first_name":"Mallissa","last_name":"Gabriely","email":"mgabrielybk@icio.us"},
{"id":418,"first_name":"Nike","last_name":"Pioch","email":"npiochbl@yelp.com"},
{"id":419,"first_name":"Aurilia","last_name":"Wadmore","email":"awadmorebm@marriott.com"},
{"id":420,"first_name":"Erinna","last_name":"Gaddesby","email":"egaddesbybn@dmoz.org"},
{"id":421,"first_name":"Agace","last_name":"Gerkens","email":"agerkensbo@guardian.co.uk"},
{"id":422,"first_name":"Benedikt","last_name":"Anthill","email":"banthillbp@comsenz.com"},
{"id":423,"first_name":"Faydra","last_name":"Arondel","email":"farondelbq@berkeley.edu"},
{"id":424,"first_name":"Delmar","last_name":"Waite","email":"dwaitebr@go.com"},
{"id":425,"first_name":"Sara-ann","last_name":"Neillans","email":"sneillansbs@eventbrite.com"},
{"id":426,"first_name":"Lucius","last_name":"Mayes","email":"lmayesbt@drupal.org"},
{"id":427,"first_name":"Bastien","last_name":"Valentelli","email":"bvalentellibu@marriott.com"},
{"id":428,"first_name":"Erma","last_name":"Dowson","email":"edowsonbv@weibo.com"},
{"id":429,"first_name":"Walton","last_name":"Domenget","email":"wdomengetbw@fc2.com"},
{"id":430,"first_name":"Trixie","last_name":"Hegden","email":"thegdenbx@cnbc.com"},
{"id":431,"first_name":"Vincent","last_name":"Horsefield","email":"vhorsefieldby@facebook.com"},
{"id":432,"first_name":"Orelie","last_name":"Rissom","email":"orissombz@globo.com"},
{"id":433,"first_name":"Tomlin","last_name":"Ingarfield","email":"tingarfieldc0@homestead.com"},
{"id":434,"first_name":"Edvard","last_name":"Yea","email":"eyeac1@unblog.fr"},
{"id":435,"first_name":"Johnnie","last_name":"Luce","email":"jlucec2@bloomberg.com"},
{"id":436,"first_name":"Stephie","last_name":"Mackrell","email":"smackrellc3@dropbox.com"},
{"id":437,"first_name":"Albert","last_name":"MacGown","email":"amacgownc4@marriott.com"},
{"id":438,"first_name":"Wynn","last_name":"Bondley","email":"wbondleyc5@nba.com"},
{"id":439,"first_name":"Sileas","last_name":"Eglington","email":"seglingtonc6@google.es"},
{"id":440,"first_name":"Meredith","last_name":"Bromage","email":"mbromagec7@twitter.com"},
{"id":441,"first_name":"Quillan","last_name":"Stockford","email":"qstockfordc8@weebly.com"},
{"id":442,"first_name":"Dot","last_name":"Curtin","email":"dcurtinc9@msn.com"},
{"id":443,"first_name":"Mario","last_name":"Domone","email":"mdomoneca@csmonitor.com"},
{"id":444,"first_name":"Pren","last_name":"Paschke","email":"ppaschkecb@eventbrite.com"},
{"id":445,"first_name":"Erhard","last_name":"Basili","email":"ebasilicc@cocolog-nifty.com"},
{"id":446,"first_name":"Una","last_name":"Comiam","email":"ucomiamcd@jugem.jp"},
{"id":447,"first_name":"Ludvig","last_name":"Pischel","email":"lpischelce@amazonaws.com"},
{"id":448,"first_name":"Kakalina","last_name":"Stronach","email":"kstronachcf@naver.com"},
{"id":449,"first_name":"Clarisse","last_name":"Trinkwon","email":"ctrinkwoncg@cbslocal.com"},
{"id":450,"first_name":"Jessalyn","last_name":"Eddins","email":"jeddinsch@psu.edu"},
{"id":451,"first_name":"Tabitha","last_name":"Lowson","email":"tlowsonci@gnu.org"},
{"id":452,"first_name":"Gregoor","last_name":"Feehely","email":"gfeehelycj@odnoklassniki.ru"},
{"id":453,"first_name":"Sonny","last_name":"Beven","email":"sbevenck@barnesandnoble.com"},
{"id":454,"first_name":"Emmey","last_name":"Daens","email":"edaenscl@go.com"},
{"id":455,"first_name":"Lanae","last_name":"Ashborn","email":"lashborncm@google.es"},
{"id":456,"first_name":"Beale","last_name":"Rigts","email":"brigtscn@1und1.de"},
{"id":457,"first_name":"Barbi","last_name":"Allsepp","email":"ballseppco@psu.edu"},
{"id":458,"first_name":"Vevay","last_name":"Janney","email":"vjanneycp@wired.com"},
{"id":459,"first_name":"Jonathan","last_name":"Fritche","email":"jfritchecq@economist.com"},
{"id":460,"first_name":"Kristine","last_name":"Capewell","email":"kcapewellcr@thetimes.co.uk"},
{"id":461,"first_name":"Haily","last_name":"Hartland","email":"hhartlandcs@salon.com"},
{"id":462,"first_name":"Mireielle","last_name":"Emanulsson","email":"memanulssonct@amazonaws.com"},
{"id":463,"first_name":"Sheila","last_name":"Frankowski","email":"sfrankowskicu@ftc.gov"},
{"id":464,"first_name":"Neddy","last_name":"Weeds","email":"nweedscv@gravatar.com"},
{"id":465,"first_name":"Son","last_name":"Brooker","email":"sbrookercw@flickr.com"},
{"id":466,"first_name":"Smitty","last_name":"Rossbrooke","email":"srossbrookecx@amazon.co.uk"},
{"id":467,"first_name":"Toby","last_name":"Noseworthy","email":"tnoseworthycy@about.me"},
{"id":468,"first_name":"Tierney","last_name":"Belsey","email":"tbelseycz@clickbank.net"},
{"id":469,"first_name":"Marie","last_name":"Cund","email":"mcundd0@trellian.com"},
{"id":470,"first_name":"Melicent","last_name":"Bertomieu","email":"mbertomieud1@globo.com"},
{"id":471,"first_name":"Fielding","last_name":"Charlesworth","email":"fcharlesworthd2@msu.edu"},
{"id":472,"first_name":"Netty","last_name":"Kitcat","email":"nkitcatd3@shareasale.com"},
{"id":473,"first_name":"Karl","last_name":"Duggen","email":"kduggend4@sitemeter.com"},
{"id":474,"first_name":"Karlens","last_name":"Ondrich","email":"kondrichd5@livejournal.com"},
{"id":475,"first_name":"Enrica","last_name":"Charity","email":"echarityd6@yelp.com"},
{"id":476,"first_name":"Katuscha","last_name":"Jahn","email":"kjahnd7@gmpg.org"},
{"id":477,"first_name":"Marcy","last_name":"Collington","email":"mcollingtond8@google.cn"},
{"id":478,"first_name":"Helaine","last_name":"Kibbe","email":"hkibbed9@fda.gov"},
{"id":479,"first_name":"Domingo","last_name":"Challender","email":"dchallenderda@squidoo.com"},
{"id":480,"first_name":"Nelli","last_name":"Sidaway","email":"nsidawaydb@cbsnews.com"},
{"id":481,"first_name":"Sammy","last_name":"Peniman","email":"spenimandc@liveinternet.ru"},
{"id":482,"first_name":"Alyssa","last_name":"Piniur","email":"apiniurdd@blogger.com"},
{"id":483,"first_name":"Larine","last_name":"Martinets","email":"lmartinetsde@ca.gov"},
{"id":484,"first_name":"James","last_name":"Hurren","email":"jhurrendf@cnbc.com"},
{"id":485,"first_name":"Isabeau","last_name":"Threadkell","email":"ithreadkelldg@zdnet.com"},
{"id":486,"first_name":"Ben","last_name":"Fentem","email":"bfentemdh@bizjournals.com"},
{"id":487,"first_name":"Ermin","last_name":"Josephi","email":"ejosephidi@1und1.de"},
{"id":488,"first_name":"Lindsey","last_name":"Houndesome","email":"lhoundesomedj@netscape.com"},
{"id":489,"first_name":"Daven","last_name":"Getcliffe","email":"dgetcliffedk@pagesperso-orange.fr"},
{"id":490,"first_name":"Leonanie","last_name":"Holywell","email":"lholywelldl@jiathis.com"},
{"id":491,"first_name":"Alfi","last_name":"Shafe","email":"ashafedm@deviantart.com"},
{"id":492,"first_name":"Yvette","last_name":"Ludron","email":"yludrondn@mail.ru"},
{"id":493,"first_name":"Keelia","last_name":"Maccrie","email":"kmaccriedo@europa.eu"},
{"id":494,"first_name":"Zacharias","last_name":"Orteu","email":"zorteudp@jugem.jp"},
{"id":495,"first_name":"Mayor","last_name":"Gillice","email":"mgillicedq@slashdot.org"},
{"id":496,"first_name":"Friedrick","last_name":"Youd","email":"fyouddr@biblegateway.com"},
{"id":497,"first_name":"Randi","last_name":"Edler","email":"redlerds@patch.com"},
{"id":498,"first_name":"Neddie","last_name":"Hurndall","email":"nhurndalldt@soundcloud.com"},
{"id":499,"first_name":"Kipper","last_name":"Como","email":"kcomodu@blinklist.com"},
{"id":500,"first_name":"Thedric","last_name":"Gatiss","email":"tgatissdv@eventbrite.com"},
{"id":501,"first_name":"Tarrah","last_name":"Trillo","email":"ttrillodw@yelp.com"},
{"id":502,"first_name":"Margarette","last_name":"De Giovanni","email":"mdegiovannidx@biglobe.ne.jp"},
{"id":503,"first_name":"Theodosia","last_name":"Darree","email":"tdarreedy@hostgator.com"},
{"id":504,"first_name":"Ermanno","last_name":"Guwer","email":"eguwerdz@mediafire.com"},
{"id":505,"first_name":"Gerry","last_name":"Bielefeld","email":"gbielefelde0@about.me"},
{"id":506,"first_name":"Moselle","last_name":"Harle","email":"mharlee1@cafepress.com"},
{"id":507,"first_name":"Othelia","last_name":"Bernardotte","email":"obernardottee2@wp.com"},
{"id":508,"first_name":"Abner","last_name":"McAuslene","email":"amcauslenee3@alibaba.com"},
{"id":509,"first_name":"Alyse","last_name":"Rucklesse","email":"arucklessee4@blogspot.com"},
{"id":510,"first_name":"Donny","last_name":"Hutley","email":"dhutleye5@fc2.com"},
{"id":511,"first_name":"Gwenore","last_name":"Branford","email":"gbranforde6@booking.com"},
{"id":512,"first_name":"Faustina","last_name":"Sainter","email":"fsaintere7@zimbio.com"},
{"id":513,"first_name":"Tiffanie","last_name":"Harral","email":"tharrale8@pbs.org"},
{"id":514,"first_name":"Modesta","last_name":"Aronowitz","email":"maronowitze9@smh.com.au"},
{"id":515,"first_name":"Sandi","last_name":"Maffeo","email":"smaffeoea@nytimes.com"},
{"id":516,"first_name":"Bucky","last_name":"Proudler","email":"bproudlereb@sakura.ne.jp"},
{"id":517,"first_name":"Karole","last_name":"Hitschke","email":"khitschkeec@vk.com"},
{"id":518,"first_name":"Elana","last_name":"Grimm","email":"egrimmed@arizona.edu"},
{"id":519,"first_name":"Hertha","last_name":"Sallis","email":"hsallisee@vimeo.com"},
{"id":520,"first_name":"Ronni","last_name":"Brennand","email":"rbrennandef@buzzfeed.com"},
{"id":521,"first_name":"Theodoric","last_name":"Brockway","email":"tbrockwayeg@nature.com"},
{"id":522,"first_name":"Ingaberg","last_name":"Cleave","email":"icleaveeh@pen.io"},
{"id":523,"first_name":"Codi","last_name":"Etherington","email":"cetheringtonei@wikia.com"},
{"id":524,"first_name":"Coop","last_name":"Ruddock","email":"cruddockej@booking.com"},
{"id":525,"first_name":"Ara","last_name":"Deal","email":"adealek@delicious.com"},
{"id":526,"first_name":"Verne","last_name":"McIllroy","email":"vmcillroyel@forbes.com"},
{"id":527,"first_name":"Neron","last_name":"Dobbins","email":"ndobbinsem@dailymail.co.uk"},
{"id":528,"first_name":"Cesaro","last_name":"Gilberthorpe","email":"cgilberthorpeen@adobe.com"},
{"id":529,"first_name":"Brigitta","last_name":"Canellas","email":"bcanellaseo@mysql.com"},
{"id":530,"first_name":"Salomone","last_name":"Jindrich","email":"sjindrichep@deviantart.com"},
{"id":531,"first_name":"Blair","last_name":"Tweedlie","email":"btweedlieeq@deviantart.com"},
{"id":532,"first_name":"Cordell","last_name":"Dally","email":"cdallyer@feedburner.com"},
{"id":533,"first_name":"Chiarra","last_name":"Blondell","email":"cblondelles@ow.ly"},
{"id":534,"first_name":"Garold","last_name":"Clitherow","email":"gclitherowet@ibm.com"},
{"id":535,"first_name":"Debor","last_name":"Davidovitch","email":"ddavidovitcheu@youtu.be"},
{"id":536,"first_name":"Josepha","last_name":"Larkings","email":"jlarkingsev@whitehouse.gov"},
{"id":537,"first_name":"Felice","last_name":"Sell","email":"fsellew@exblog.jp"},
{"id":538,"first_name":"Myrtie","last_name":"Corselles","email":"mcorsellesex@list-manage.com"},
{"id":539,"first_name":"Brier","last_name":"Spedding","email":"bspeddingey@mozilla.com"},
{"id":540,"first_name":"Lane","last_name":"Klimpke","email":"lklimpkeez@yellowbook.com"},
{"id":541,"first_name":"Curr","last_name":"Nutley","email":"cnutleyf0@cdc.gov"},
{"id":542,"first_name":"Odelle","last_name":"Postance","email":"opostancef1@marketwatch.com"},
{"id":543,"first_name":"Mallorie","last_name":"Baum","email":"mbaumf2@imageshack.us"},
{"id":544,"first_name":"Bessy","last_name":"Chasmer","email":"bchasmerf3@diigo.com"},
{"id":545,"first_name":"Carlotta","last_name":"Piecha","email":"cpiechaf4@blinklist.com"},
{"id":546,"first_name":"Omero","last_name":"Yezafovich","email":"oyezafovichf5@com.com"},
{"id":547,"first_name":"Mayor","last_name":"O'Donohue","email":"modonohuef6@parallels.com"},
{"id":548,"first_name":"Glenda","last_name":"Middlebrook","email":"gmiddlebrookf7@soundcloud.com"},
{"id":549,"first_name":"Horacio","last_name":"Gruczka","email":"hgruczkaf8@slashdot.org"},
{"id":550,"first_name":"Sandi","last_name":"De Marchi","email":"sdemarchif9@mac.com"},
{"id":551,"first_name":"Karin","last_name":"Reeder","email":"kreederfa@home.pl"},
{"id":552,"first_name":"Welbie","last_name":"Martlew","email":"wmartlewfb@taobao.com"},
{"id":553,"first_name":"Amandy","last_name":"Grent","email":"agrentfc@ifeng.com"},
{"id":554,"first_name":"Emalia","last_name":"Charge","email":"echargefd@51.la"},
{"id":555,"first_name":"Gradey","last_name":"Schoenleiter","email":"gschoenleiterfe@comcast.net"},
{"id":556,"first_name":"Marv","last_name":"Sharples","email":"msharplesff@drupal.org"},
{"id":557,"first_name":"Wally","last_name":"Connop","email":"wconnopfg@desdev.cn"},
{"id":558,"first_name":"Neall","last_name":"Leemans","email":"nleemansfh@squidoo.com"},
{"id":559,"first_name":"Deonne","last_name":"Blaszczak","email":"dblaszczakfi@prlog.org"},
{"id":560,"first_name":"Hurley","last_name":"Swinnerton","email":"hswinnertonfj@delicious.com"},
{"id":561,"first_name":"Maurene","last_name":"Putton","email":"mputtonfk@epa.gov"},
{"id":562,"first_name":"Annelise","last_name":"Garrie","email":"agarriefl@wix.com"},
{"id":563,"first_name":"Alverta","last_name":"Pearson","email":"apearsonfm@reverbnation.com"},
{"id":564,"first_name":"Oby","last_name":"Sterman","email":"ostermanfn@weebly.com"},
{"id":565,"first_name":"Rouvin","last_name":"Booth","email":"rboothfo@cargocollective.com"},
{"id":566,"first_name":"Dorrie","last_name":"Evemy","email":"devemyfp@java.com"},
{"id":567,"first_name":"Lelia","last_name":"Jupp","email":"ljuppfq@arstechnica.com"},
{"id":568,"first_name":"Jacklyn","last_name":"Bloxsum","email":"jbloxsumfr@cam.ac.uk"},
{"id":569,"first_name":"Hakeem","last_name":"Duckit","email":"hduckitfs@pbs.org"},
{"id":570,"first_name":"Wallis","last_name":"Towers","email":"wtowersft@cafepress.com"},
{"id":571,"first_name":"Dotty","last_name":"Jeays","email":"djeaysfu@opera.com"},
{"id":572,"first_name":"Gipsy","last_name":"Shoesmith","email":"gshoesmithfv@xing.com"},
{"id":573,"first_name":"Franz","last_name":"Dabinett","email":"fdabinettfw@xing.com"},
{"id":574,"first_name":"Myriam","last_name":"McAsgill","email":"mmcasgillfx@salon.com"},
{"id":575,"first_name":"Opaline","last_name":"Behrend","email":"obehrendfy@youtube.com"},
{"id":576,"first_name":"Jessamyn","last_name":"Pylkynyton","email":"jpylkynytonfz@whitehouse.gov"},
{"id":577,"first_name":"Wolfie","last_name":"Fredi","email":"wfredig0@booking.com"},
{"id":578,"first_name":"Manfred","last_name":"Taye","email":"mtayeg1@icq.com"},
{"id":579,"first_name":"Kaylyn","last_name":"Le Claire","email":"kleclaireg2@bloglovin.com"},
{"id":580,"first_name":"Vlad","last_name":"Polson","email":"vpolsong3@theatlantic.com"},
{"id":581,"first_name":"Arne","last_name":"Howlett","email":"ahowlettg4@plala.or.jp"},
{"id":582,"first_name":"Connie","last_name":"Ebanks","email":"cebanksg5@mayoclinic.com"},
{"id":583,"first_name":"Gill","last_name":"Attac","email":"gattacg6@yellowbook.com"},
{"id":584,"first_name":"Dacey","last_name":"Scanlon","email":"dscanlong7@cnet.com"},
{"id":585,"first_name":"Meredithe","last_name":"Gibling","email":"mgiblingg8@about.me"},
{"id":586,"first_name":"Kenon","last_name":"Rickardes","email":"krickardesg9@techcrunch.com"},
{"id":587,"first_name":"Gareth","last_name":"Skarman","email":"gskarmanga@addtoany.com"},
{"id":588,"first_name":"Wyatan","last_name":"Stitson","email":"wstitsongb@washington.edu"},
{"id":589,"first_name":"Margaret","last_name":"Penton","email":"mpentongc@jimdo.com"},
{"id":590,"first_name":"Flora","last_name":"Stitcher","email":"fstitchergd@marriott.com"},
{"id":591,"first_name":"Trisha","last_name":"Latore","email":"tlatorege@state.gov"},
{"id":592,"first_name":"Betteanne","last_name":"Fendlen","email":"bfendlengf@forbes.com"},
{"id":593,"first_name":"Melisenda","last_name":"Tate","email":"mtategg@house.gov"},
{"id":594,"first_name":"Jannelle","last_name":"Guymer","email":"jguymergh@ezinearticles.com"},
{"id":595,"first_name":"Arri","last_name":"Mousby","email":"amousbygi@1688.com"},
{"id":596,"first_name":"Lanette","last_name":"Ofen","email":"lofengj@accuweather.com"},
{"id":597,"first_name":"Kyla","last_name":"Redmond","email":"kredmondgk@timesonline.co.uk"},
{"id":598,"first_name":"Chaddie","last_name":"Godball","email":"cgodballgl@liveinternet.ru"},
{"id":599,"first_name":"Judith","last_name":"Scrinage","email":"jscrinagegm@mozilla.com"},
{"id":600,"first_name":"Claiborne","last_name":"Accum","email":"caccumgn@google.fr"},
{"id":601,"first_name":"Bev","last_name":"Levens","email":"blevensgo@godaddy.com"},
{"id":602,"first_name":"Joeann","last_name":"De Lasci","email":"jdelascigp@whitehouse.gov"},
{"id":603,"first_name":"Georgine","last_name":"Emmens","email":"gemmensgq@hibu.com"},
{"id":604,"first_name":"Stephana","last_name":"Tarney","email":"starneygr@opensource.org"},
{"id":605,"first_name":"Tania","last_name":"Prozescky","email":"tprozesckygs@dedecms.com"},
{"id":606,"first_name":"Charisse","last_name":"Abeles","email":"cabelesgt@oakley.com"},
{"id":607,"first_name":"Siusan","last_name":"Giannazzi","email":"sgiannazzigu@wiley.com"},
{"id":608,"first_name":"Nolan","last_name":"Warlaw","email":"nwarlawgv@youtu.be"},
{"id":609,"first_name":"Karel","last_name":"Beagen","email":"kbeagengw@posterous.com"},
{"id":610,"first_name":"Jan","last_name":"Founds","email":"jfoundsgx@ebay.co.uk"},
{"id":611,"first_name":"Britte","last_name":"Shadwick","email":"bshadwickgy@slashdot.org"},
{"id":612,"first_name":"Teddy","last_name":"Pyle","email":"tpylegz@reverbnation.com"},
{"id":613,"first_name":"Fanchette","last_name":"Rowcliffe","email":"frowcliffeh0@mit.edu"},
{"id":614,"first_name":"Shelton","last_name":"Kettles","email":"skettlesh1@usa.gov"},
{"id":615,"first_name":"Rowe","last_name":"Astell","email":"rastellh2@dailymotion.com"},
{"id":616,"first_name":"Sigismund","last_name":"Avarne","email":"savarneh3@tinyurl.com"},
{"id":617,"first_name":"Dorthea","last_name":"Niblock","email":"dniblockh4@1und1.de"},
{"id":618,"first_name":"Karilynn","last_name":"Lackey","email":"klackeyh5@hao123.com"},
{"id":619,"first_name":"Barbara","last_name":"Andriolli","email":"bandriollih6@admin.ch"},
{"id":620,"first_name":"Worthy","last_name":"Niessen","email":"wniessenh7@tumblr.com"},
{"id":621,"first_name":"Clovis","last_name":"Fahy","email":"cfahyh8@umn.edu"},
{"id":622,"first_name":"Tabby","last_name":"Empringham","email":"tempringhamh9@themeforest.net"},
{"id":623,"first_name":"Lemuel","last_name":"Janisson","email":"ljanissonha@addtoany.com"},
{"id":624,"first_name":"Pryce","last_name":"Dehm","email":"pdehmhb@eventbrite.com"},
{"id":625,"first_name":"Bridgette","last_name":"Randals","email":"brandalshc@imgur.com"},
{"id":626,"first_name":"Gwynne","last_name":"Dowdle","email":"gdowdlehd@meetup.com"},
{"id":627,"first_name":"Arlette","last_name":"Houndson","email":"ahoundsonhe@thetimes.co.uk"},
{"id":628,"first_name":"Christi","last_name":"Terbrug","email":"cterbrughf@uol.com.br"},
{"id":629,"first_name":"Patsy","last_name":"Bantock","email":"pbantockhg@msn.com"},
{"id":630,"first_name":"Eveline","last_name":"Kurtis","email":"ekurtishh@tamu.edu"},
{"id":631,"first_name":"Sheree","last_name":"McCuish","email":"smccuishhi@woothemes.com"},
{"id":632,"first_name":"Chico","last_name":"Blois","email":"cbloishj@usatoday.com"},
{"id":633,"first_name":"Cleavland","last_name":"Chicotti","email":"cchicottihk@nature.com"},
{"id":634,"first_name":"Charmain","last_name":"Hemerijk","email":"chemerijkhl@sitemeter.com"},
{"id":635,"first_name":"Giuseppe","last_name":"Avarne","email":"gavarnehm@bing.com"},
{"id":636,"first_name":"Hercule","last_name":"Gobel","email":"hgobelhn@list-manage.com"},
{"id":637,"first_name":"Abagael","last_name":"Zavattari","email":"azavattariho@hud.gov"},
{"id":638,"first_name":"Andi","last_name":"Cabrales","email":"acabraleshp@cornell.edu"},
{"id":639,"first_name":"Bonnee","last_name":"Cropton","email":"bcroptonhq@fc2.com"},
{"id":640,"first_name":"Barnaby","last_name":"Stern","email":"bsternhr@parallels.com"},
{"id":641,"first_name":"Jocelyne","last_name":"Shipston","email":"jshipstonhs@netvibes.com"},
{"id":642,"first_name":"Clemmy","last_name":"MacFadzean","email":"cmacfadzeanht@drupal.org"},
{"id":643,"first_name":"Chiarra","last_name":"Schulkins","email":"cschulkinshu@who.int"},
{"id":644,"first_name":"Eamon","last_name":"Hatcher","email":"ehatcherhv@noaa.gov"},
{"id":645,"first_name":"Jacky","last_name":"Leteurtre","email":"jleteurtrehw@imgur.com"},
{"id":646,"first_name":"Goddart","last_name":"Gajewski","email":"ggajewskihx@google.de"},
{"id":647,"first_name":"Glynnis","last_name":"McKenny","email":"gmckennyhy@ft.com"},
{"id":648,"first_name":"Orion","last_name":"Levens","email":"olevenshz@123-reg.co.uk"},
{"id":649,"first_name":"Maia","last_name":"Clappison","email":"mclappisoni0@tiny.cc"},
{"id":650,"first_name":"Matthieu","last_name":"Hounsom","email":"mhounsomi1@vkontakte.ru"},
{"id":651,"first_name":"Micki","last_name":"McCarly","email":"mmccarlyi2@myspace.com"},
{"id":652,"first_name":"Dedie","last_name":"Eldered","email":"delderedi3@uiuc.edu"},
{"id":653,"first_name":"Padriac","last_name":"Norwich","email":"pnorwichi4@fotki.com"},
{"id":654,"first_name":"Arch","last_name":"Bough","email":"aboughi5@digg.com"},
{"id":655,"first_name":"Lief","last_name":"Mirfield","email":"lmirfieldi6@sogou.com"},
{"id":656,"first_name":"Hasheem","last_name":"Hawkswood","email":"hhawkswoodi7@instagram.com"},
{"id":657,"first_name":"Dale","last_name":"Aaronsohn","email":"daaronsohni8@cbc.ca"},
{"id":658,"first_name":"Norma","last_name":"Lansdale","email":"nlansdalei9@goodreads.com"},
{"id":659,"first_name":"Moishe","last_name":"Hughesdon","email":"mhughesdonia@netscape.com"},
{"id":660,"first_name":"Freemon","last_name":"Merlin","email":"fmerlinib@gmpg.org"},
{"id":661,"first_name":"Shirlene","last_name":"Elby","email":"selbyic@zdnet.com"},
{"id":662,"first_name":"Emilio","last_name":"Stidson","email":"estidsonid@deliciousdays.com"},
{"id":663,"first_name":"Tod","last_name":"Casement","email":"tcasementie@bloglines.com"},
{"id":664,"first_name":"Tybie","last_name":"Kopf","email":"tkopfif@feedburner.com"},
{"id":665,"first_name":"Humfried","last_name":"Sherrott","email":"hsherrottig@nbcnews.com"},
{"id":666,"first_name":"Giulio","last_name":"Bateman","email":"gbatemanih@wisc.edu"},
{"id":667,"first_name":"Lynnea","last_name":"Wudeland","email":"lwudelandii@infoseek.co.jp"},
{"id":668,"first_name":"Desiri","last_name":"Plak","email":"dplakij@yellowpages.com"},
{"id":669,"first_name":"Benny","last_name":"Seago","email":"bseagoik@infoseek.co.jp"},
{"id":670,"first_name":"Clarice","last_name":"Prozillo","email":"cprozilloil@merriam-webster.com"},
{"id":671,"first_name":"Cchaddie","last_name":"Hargess","email":"chargessim@exblog.jp"},
{"id":672,"first_name":"Marietta","last_name":"Meace","email":"mmeacein@amazon.co.jp"},
{"id":673,"first_name":"Gabie","last_name":"Charpling","email":"gcharplingio@epa.gov"},
{"id":674,"first_name":"Lazaro","last_name":"McGivena","email":"lmcgivenaip@fc2.com"},
{"id":675,"first_name":"Evangelia","last_name":"Towe","email":"etoweiq@vimeo.com"},
{"id":676,"first_name":"Guillermo","last_name":"Maffin","email":"gmaffinir@nbcnews.com"},
{"id":677,"first_name":"Daniela","last_name":"Garrould","email":"dgarrouldis@wufoo.com"},
{"id":678,"first_name":"Kaye","last_name":"Maty","email":"kmatyit@digg.com"},
{"id":679,"first_name":"Ilaire","last_name":"Grocutt","email":"igrocuttiu@printfriendly.com"},
{"id":680,"first_name":"Paco","last_name":"Cowthart","email":"pcowthartiv@etsy.com"},
{"id":681,"first_name":"Mattias","last_name":"Davidzon","email":"mdavidzoniw@webeden.co.uk"},
{"id":682,"first_name":"Kaitlynn","last_name":"Roakes","email":"kroakesix@livejournal.com"},
{"id":683,"first_name":"Christiane","last_name":"Alban","email":"calbaniy@timesonline.co.uk"},
{"id":684,"first_name":"Jasen","last_name":"Catherine","email":"jcatherineiz@tumblr.com"},
{"id":685,"first_name":"Dael","last_name":"Dignall","email":"ddignallj0@ocn.ne.jp"},
{"id":686,"first_name":"Sophey","last_name":"Moxley","email":"smoxleyj1@bravesites.com"},
{"id":687,"first_name":"Gabriello","last_name":"Whitington","email":"gwhitingtonj2@xinhuanet.com"},
{"id":688,"first_name":"Giffy","last_name":"Kiln","email":"gkilnj3@gizmodo.com"},
{"id":689,"first_name":"Noella","last_name":"Mathon","email":"nmathonj4@sfgate.com"},
{"id":690,"first_name":"Felipe","last_name":"Trowsdale","email":"ftrowsdalej5@washington.edu"},
{"id":691,"first_name":"Opaline","last_name":"Moorcraft","email":"omoorcraftj6@phoca.cz"},
{"id":692,"first_name":"Neala","last_name":"Haverson","email":"nhaversonj7@sbwire.com"},
{"id":693,"first_name":"Jena","last_name":"Chislett","email":"jchislettj8@livejournal.com"},
{"id":694,"first_name":"Celestia","last_name":"Solesbury","email":"csolesburyj9@hostgator.com"},
{"id":695,"first_name":"Moina","last_name":"Le Blond","email":"mleblondja@typepad.com"},
{"id":696,"first_name":"Anna-diane","last_name":"Minty","email":"amintyjb@360.cn"},
{"id":697,"first_name":"Carlee","last_name":"Maffioletti","email":"cmaffiolettijc@tripod.com"},
{"id":698,"first_name":"Carlye","last_name":"Winyard","email":"cwinyardjd@google.fr"},
{"id":699,"first_name":"Jacky","last_name":"Connor","email":"jconnorje@themeforest.net"},
{"id":700,"first_name":"Francesco","last_name":"Sheehan","email":"fsheehanjf@disqus.com"},
{"id":701,"first_name":"Courtnay","last_name":"Havelin","email":"chavelinjg@biglobe.ne.jp"},
{"id":702,"first_name":"Dilly","last_name":"Cummine","email":"dcumminejh@go.com"},
{"id":703,"first_name":"Der","last_name":"Rolfo","email":"drolfoji@scientificamerican.com"},
{"id":704,"first_name":"Ilysa","last_name":"Hudel","email":"ihudeljj@amazon.co.uk"},
{"id":705,"first_name":"Kizzie","last_name":"Duckers","email":"kduckersjk@webeden.co.uk"},
{"id":706,"first_name":"Edin","last_name":"De Ruggiero","email":"ederuggierojl@bloomberg.com"},
{"id":707,"first_name":"Lotte","last_name":"Stout","email":"lstoutjm@github.com"},
{"id":708,"first_name":"Sean","last_name":"Mainds","email":"smaindsjn@paypal.com"},
{"id":709,"first_name":"Fee","last_name":"Sheerman","email":"fsheermanjo@posterous.com"},
{"id":710,"first_name":"Christy","last_name":"Seawright","email":"cseawrightjp@1688.com"},
{"id":711,"first_name":"Genna","last_name":"Ceeley","email":"gceeleyjq@umich.edu"},
{"id":712,"first_name":"Shandeigh","last_name":"Suggitt","email":"ssuggittjr@sitemeter.com"},
{"id":713,"first_name":"Duffie","last_name":"Doleman","email":"ddolemanjs@sogou.com"},
{"id":714,"first_name":"Fee","last_name":"Ivashkin","email":"fivashkinjt@themeforest.net"},
{"id":715,"first_name":"Candide","last_name":"Latehouse","email":"clatehouseju@jiathis.com"},
{"id":716,"first_name":"Ashia","last_name":"Iamittii","email":"aiamittiijv@freewebs.com"},
{"id":717,"first_name":"Hannah","last_name":"Polgreen","email":"hpolgreenjw@cdbaby.com"},
{"id":718,"first_name":"Filmore","last_name":"Imm","email":"fimmjx@xing.com"},
{"id":719,"first_name":"Hesther","last_name":"Rittmeyer","email":"hrittmeyerjy@google.pl"},
{"id":720,"first_name":"Nancee","last_name":"Ivashin","email":"nivashinjz@amazon.de"},
{"id":721,"first_name":"Alethea","last_name":"Pickhaver","email":"apickhaverk0@360.cn"},
{"id":722,"first_name":"Mozelle","last_name":"Enser","email":"menserk1@ebay.com"},
{"id":723,"first_name":"Silvia","last_name":"Gidman","email":"sgidmank2@bbc.co.uk"},
{"id":724,"first_name":"Marijo","last_name":"Appleyard","email":"mappleyardk3@storify.com"},
{"id":725,"first_name":"Fredrick","last_name":"Beharrell","email":"fbeharrellk4@google.it"},
{"id":726,"first_name":"Noemi","last_name":"O'Lagene","email":"nolagenek5@studiopress.com"},
{"id":727,"first_name":"Babb","last_name":"Deeney","email":"bdeeneyk6@4shared.com"},
{"id":728,"first_name":"Theodosia","last_name":"Daw","email":"tdawk7@google.cn"},
{"id":729,"first_name":"Gawain","last_name":"Brobeck","email":"gbrobeckk8@discuz.net"},
{"id":730,"first_name":"Lynn","last_name":"Cornthwaite","email":"lcornthwaitek9@mit.edu"},
{"id":731,"first_name":"Gayla","last_name":"Hazell","email":"ghazellka@ovh.net"},
{"id":732,"first_name":"Tori","last_name":"Leate","email":"tleatekb@fastcompany.com"},
{"id":733,"first_name":"Gretel","last_name":"Tomek","email":"gtomekkc@vimeo.com"},
{"id":734,"first_name":"Ryun","last_name":"McShee","email":"rmcsheekd@tinyurl.com"},
{"id":735,"first_name":"Lyn","last_name":"Waples","email":"lwapleske@npr.org"},
{"id":736,"first_name":"Cindee","last_name":"Massard","email":"cmassardkf@com.com"},
{"id":737,"first_name":"Tracy","last_name":"Lippiatt","email":"tlippiattkg@walmart.com"},
{"id":738,"first_name":"Jeniffer","last_name":"Birtwistle","email":"jbirtwistlekh@plala.or.jp"},
{"id":739,"first_name":"Tarah","last_name":"Piperley","email":"tpiperleyki@sphinn.com"},
{"id":740,"first_name":"Leona","last_name":"Grafton-Herbert","email":"lgraftonherbertkj@mapy.cz"},
{"id":741,"first_name":"Martyn","last_name":"Stanway","email":"mstanwaykk@usgs.gov"},
{"id":742,"first_name":"Lenora","last_name":"Skippon","email":"lskipponkl@webmd.com"},
{"id":743,"first_name":"Joye","last_name":"Toulch","email":"jtoulchkm@weebly.com"},
{"id":744,"first_name":"Hephzibah","last_name":"De Micoli","email":"hdemicolikn@webnode.com"},
{"id":745,"first_name":"Michale","last_name":"Emmison","email":"memmisonko@nih.gov"},
{"id":746,"first_name":"Myrta","last_name":"Obell","email":"mobellkp@engadget.com"},
{"id":747,"first_name":"Erma","last_name":"Fairbourne","email":"efairbournekq@sbwire.com"},
{"id":748,"first_name":"Charin","last_name":"Adamthwaite","email":"cadamthwaitekr@goo.gl"},
{"id":749,"first_name":"Carilyn","last_name":"Dirr","email":"cdirrks@wufoo.com"},
{"id":750,"first_name":"Jorey","last_name":"Crissil","email":"jcrissilkt@umn.edu"},
{"id":751,"first_name":"Taylor","last_name":"Whisson","email":"twhissonku@dot.gov"},
{"id":752,"first_name":"Hermine","last_name":"Boliver","email":"hboliverkv@economist.com"},
{"id":753,"first_name":"Auberta","last_name":"Flintuff","email":"aflintuffkw@yahoo.com"},
{"id":754,"first_name":"Lorain","last_name":"Fortun","email":"lfortunkx@typepad.com"},
{"id":755,"first_name":"Phillida","last_name":"Varty","email":"pvartyky@facebook.com"},
{"id":756,"first_name":"Buddy","last_name":"Capsey","email":"bcapseykz@nationalgeographic.com"},
{"id":757,"first_name":"Shanan","last_name":"Thackeray","email":"sthackerayl0@pagesperso-orange.fr"},
{"id":758,"first_name":"Barty","last_name":"Daniello","email":"bdaniellol1@unblog.fr"},
{"id":759,"first_name":"Romonda","last_name":"Nisius","email":"rnisiusl2@lulu.com"},
{"id":760,"first_name":"Jasmina","last_name":"Kettlestringes","email":"jkettlestringesl3@unesco.org"},
{"id":761,"first_name":"Harriot","last_name":"Game","email":"hgamel4@acquirethisname.com"},
{"id":762,"first_name":"Lorenzo","last_name":"Lawton","email":"llawtonl5@businessinsider.com"},
{"id":763,"first_name":"Katleen","last_name":"McDermott-Row","email":"kmcdermottrowl6@techcrunch.com"},
{"id":764,"first_name":"Ax","last_name":"Ramsdale","email":"aramsdalel7@archive.org"},
{"id":765,"first_name":"Emmeline","last_name":"McCarney","email":"emccarneyl8@cpanel.net"},
{"id":766,"first_name":"Tiffanie","last_name":"Risdale","email":"trisdalel9@mapquest.com"},
{"id":767,"first_name":"Selene","last_name":"Haberjam","email":"shaberjamla@mayoclinic.com"},
{"id":768,"first_name":"Charin","last_name":"Danielovitch","email":"cdanielovitchlb@shop-pro.jp"},
{"id":769,"first_name":"Wallie","last_name":"Piner","email":"wpinerlc@cdbaby.com"},
{"id":770,"first_name":"Dani","last_name":"Ibel","email":"dibelld@latimes.com"},
{"id":771,"first_name":"Zeke","last_name":"Baddeley","email":"zbaddeleyle@economist.com"},
{"id":772,"first_name":"Masha","last_name":"Bardnam","email":"mbardnamlf@techcrunch.com"},
{"id":773,"first_name":"Katuscha","last_name":"Gyrgorwicx","email":"kgyrgorwicxlg@ucla.edu"},
{"id":774,"first_name":"Marjy","last_name":"Kelwick","email":"mkelwicklh@army.mil"},
{"id":775,"first_name":"Verne","last_name":"Yeulet","email":"vyeuletli@blog.com"},
{"id":776,"first_name":"Adelheid","last_name":"Gerrelt","email":"agerreltlj@cpanel.net"},
{"id":777,"first_name":"Melva","last_name":"Croke","email":"mcrokelk@europa.eu"},
{"id":778,"first_name":"Vallie","last_name":"Acors","email":"vacorsll@eventbrite.com"},
{"id":779,"first_name":"Joelly","last_name":"Van der Mark","email":"jvandermarklm@redcross.org"},
{"id":780,"first_name":"Panchito","last_name":"Jopp","email":"pjoppln@ehow.com"},
{"id":781,"first_name":"Merlina","last_name":"Timberlake","email":"mtimberlakelo@instagram.com"},
{"id":782,"first_name":"Jannel","last_name":"Beckingham","email":"jbeckinghamlp@epa.gov"},
{"id":783,"first_name":"Janelle","last_name":"Bowbrick","email":"jbowbricklq@odnoklassniki.ru"},
{"id":784,"first_name":"Ronnie","last_name":"Sherborn","email":"rsherbornlr@bing.com"},
{"id":785,"first_name":"Billi","last_name":"Feldhammer","email":"bfeldhammerls@guardian.co.uk"},
{"id":786,"first_name":"Benji","last_name":"Sumshon","email":"bsumshonlt@blog.com"},
{"id":787,"first_name":"Eddy","last_name":"Grece","email":"egrecelu@infoseek.co.jp"},
{"id":788,"first_name":"Suzanne","last_name":"Clampin","email":"sclampinlv@tripod.com"},
{"id":789,"first_name":"Barnebas","last_name":"Skydall","email":"bskydalllw@xing.com"},
{"id":790,"first_name":"Brooke","last_name":"Winchurst","email":"bwinchurstlx@sun.com"},
{"id":791,"first_name":"Gwyneth","last_name":"Hukins","email":"ghukinsly@edublogs.org"},
{"id":792,"first_name":"Jeana","last_name":"Brotherick","email":"jbrothericklz@networkadvertising.org"},
{"id":793,"first_name":"Rocky","last_name":"Easson","email":"reassonm0@hud.gov"},
{"id":794,"first_name":"Alejandra","last_name":"Nordass","email":"anordassm1@dion.ne.jp"},
{"id":795,"first_name":"Jada","last_name":"Redemile","email":"jredemilem2@hostgator.com"},
{"id":796,"first_name":"Giovanna","last_name":"Melbourn","email":"gmelbournm3@storify.com"},
{"id":797,"first_name":"Lesley","last_name":"Crowth","email":"lcrowthm4@naver.com"},
{"id":798,"first_name":"Roxana","last_name":"Boller","email":"rbollerm5@epa.gov"},
{"id":799,"first_name":"Misha","last_name":"McIllrick","email":"mmcillrickm6@baidu.com"},
{"id":800,"first_name":"Ignazio","last_name":"Cawthorn","email":"icawthornm7@mayoclinic.com"},
{"id":801,"first_name":"Randy","last_name":"Kassman","email":"rkassmanm8@photobucket.com"},
{"id":802,"first_name":"Ciro","last_name":"Kingcote","email":"ckingcotem9@deviantart.com"},
{"id":803,"first_name":"Illa","last_name":"Dreghorn","email":"idreghornma@disqus.com"},
{"id":804,"first_name":"Neill","last_name":"Littler","email":"nlittlermb@oakley.com"},
{"id":805,"first_name":"Theo","last_name":"Shotton","email":"tshottonmc@qq.com"},
{"id":806,"first_name":"Wendeline","last_name":"Naden","email":"wnadenmd@cpanel.net"},
{"id":807,"first_name":"Noam","last_name":"Taig","email":"ntaigme@ebay.co.uk"},
{"id":808,"first_name":"Saunders","last_name":"Hark","email":"sharkmf@posterous.com"},
{"id":809,"first_name":"Antonin","last_name":"Alexandersson","email":"aalexanderssonmg@webnode.com"},
{"id":810,"first_name":"Marya","last_name":"Senner","email":"msennermh@geocities.com"},
{"id":811,"first_name":"Atlanta","last_name":"Barthot","email":"abarthotmi@bbb.org"},
{"id":812,"first_name":"Verile","last_name":"Massingberd","email":"vmassingberdmj@dmoz.org"},
{"id":813,"first_name":"Hiram","last_name":"Banbrick","email":"hbanbrickmk@auda.org.au"},
{"id":814,"first_name":"Rana","last_name":"Mulvenna","email":"rmulvennaml@t-online.de"},
{"id":815,"first_name":"Enrika","last_name":"O'Suaird","email":"eosuairdmm@gravatar.com"},
{"id":816,"first_name":"Jarad","last_name":"Sautter","email":"jsauttermn@businesswire.com"},
{"id":817,"first_name":"Cass","last_name":"Stickel","email":"cstickelmo@cafepress.com"},
{"id":818,"first_name":"Astrix","last_name":"Jockle","email":"ajocklemp@ow.ly"},
{"id":819,"first_name":"Catina","last_name":"Hatherley","email":"chatherleymq@nytimes.com"},
{"id":820,"first_name":"Jack","last_name":"Ferrettino","email":"jferrettinomr@cyberchimps.com"},
{"id":821,"first_name":"Caitlin","last_name":"De Launde","email":"cdelaundems@vinaora.com"},
{"id":822,"first_name":"Flossie","last_name":"Penton","email":"fpentonmt@storify.com"},
{"id":823,"first_name":"Free","last_name":"De Santos","email":"fdesantosmu@weibo.com"},
{"id":824,"first_name":"Koenraad","last_name":"Sainthill","email":"ksainthillmv@jigsy.com"},
{"id":825,"first_name":"Roanne","last_name":"De Metz","email":"rdemetzmw@paginegialle.it"},
{"id":826,"first_name":"Kanya","last_name":"Adcock","email":"kadcockmx@indiegogo.com"},
{"id":827,"first_name":"Celestine","last_name":"Bartoloma","email":"cbartolomamy@washington.edu"},
{"id":828,"first_name":"Maud","last_name":"Aucourte","email":"maucourtemz@tinyurl.com"},
{"id":829,"first_name":"Beverlie","last_name":"Tummond","email":"btummondn0@cpanel.net"},
{"id":830,"first_name":"Alia","last_name":"Kyngdon","email":"akyngdonn1@nymag.com"},
{"id":831,"first_name":"Corinna","last_name":"Allett","email":"callettn2@i2i.jp"},
{"id":832,"first_name":"Ingar","last_name":"Coye","email":"icoyen3@pcworld.com"},
{"id":833,"first_name":"Kevyn","last_name":"Kilvington","email":"kkilvingtonn4@people.com.cn"},
{"id":834,"first_name":"Marj","last_name":"Iacovo","email":"miacovon5@ask.com"},
{"id":835,"first_name":"Cordelie","last_name":"Stansby","email":"cstansbyn6@printfriendly.com"},
{"id":836,"first_name":"Pollyanna","last_name":"Rourke","email":"prourken7@paypal.com"},
{"id":837,"first_name":"Fonzie","last_name":"Beattie","email":"fbeattien8@ca.gov"},
{"id":838,"first_name":"Kimmy","last_name":"Englefield","email":"kenglefieldn9@flavors.me"},
{"id":839,"first_name":"Greer","last_name":"Burberow","email":"gburberowna@dropbox.com"},
{"id":840,"first_name":"Tymon","last_name":"Tumbelty","email":"ttumbeltynb@army.mil"},
{"id":841,"first_name":"Bruce","last_name":"Spencock","email":"bspencocknc@chronoengine.com"},
{"id":842,"first_name":"Elianora","last_name":"Syseland","email":"esyselandnd@arizona.edu"},
{"id":843,"first_name":"Decca","last_name":"Batthew","email":"dbatthewne@nbcnews.com"},
{"id":844,"first_name":"Eb","last_name":"Follet","email":"efolletnf@mayoclinic.com"},
{"id":845,"first_name":"Ferdinanda","last_name":"Sibbson","email":"fsibbsonng@google.ca"},
{"id":846,"first_name":"Ossie","last_name":"O'Cleary","email":"ooclearynh@posterous.com"},
{"id":847,"first_name":"Bertrando","last_name":"Peaurt","email":"bpeaurtni@list-manage.com"},
{"id":848,"first_name":"Annalise","last_name":"Cragg","email":"acraggnj@webs.com"},
{"id":849,"first_name":"Tan","last_name":"MacEllen","email":"tmacellennk@squidoo.com"},
{"id":850,"first_name":"Justina","last_name":"Jerrems","email":"jjerremsnl@example.com"},
{"id":851,"first_name":"Adiana","last_name":"Gilbee","email":"agilbeenm@state.gov"},
{"id":852,"first_name":"Charlot","last_name":"Checketts","email":"ccheckettsnn@constantcontact.com"},
{"id":853,"first_name":"Christin","last_name":"Genicke","email":"cgenickeno@newsvine.com"},
{"id":854,"first_name":"Keary","last_name":"Vispo","email":"kvisponp@elpais.com"},
{"id":855,"first_name":"Brandais","last_name":"Robers","email":"brobersnq@japanpost.jp"},
{"id":856,"first_name":"Franky","last_name":"Letixier","email":"fletixiernr@indiegogo.com"},
{"id":857,"first_name":"Sandye","last_name":"MacTurlough","email":"smacturloughns@japanpost.jp"},
{"id":858,"first_name":"Axel","last_name":"Fundell","email":"afundellnt@cloudflare.com"},
{"id":859,"first_name":"Selina","last_name":"De Carteret","email":"sdecarteretnu@blogspot.com"},
{"id":860,"first_name":"Hildegaard","last_name":"Daventry","email":"hdaventrynv@umn.edu"},
{"id":861,"first_name":"Johanna","last_name":"Dufaire","email":"jdufairenw@statcounter.com"},
{"id":862,"first_name":"Peter","last_name":"MacRinn","email":"pmacrinnnx@stanford.edu"},
{"id":863,"first_name":"Eugenius","last_name":"Tilio","email":"etiliony@si.edu"},
{"id":864,"first_name":"Randie","last_name":"Brownfield","email":"rbrownfieldnz@etsy.com"},
{"id":865,"first_name":"Lucias","last_name":"Litt","email":"llitto0@cnn.com"},
{"id":866,"first_name":"Deanna","last_name":"Nottingam","email":"dnottingamo1@bloglines.com"},
{"id":867,"first_name":"Alvan","last_name":"Briatt","email":"abriatto2@tamu.edu"},
{"id":868,"first_name":"Yetta","last_name":"Cullagh","email":"ycullagho3@gov.uk"},
{"id":869,"first_name":"Lidia","last_name":"Doree","email":"ldoreeo4@ucoz.com"},
{"id":870,"first_name":"Wolfgang","last_name":"Woodwin","email":"wwoodwino5@yale.edu"},
{"id":871,"first_name":"Karl","last_name":"Cohn","email":"kcohno6@people.com.cn"},
{"id":872,"first_name":"Enrica","last_name":"De Blase","email":"edeblaseo7@about.me"},
{"id":873,"first_name":"Ronny","last_name":"Francecione","email":"rfrancecioneo8@stanford.edu"},
{"id":874,"first_name":"Louisette","last_name":"Gritskov","email":"lgritskovo9@homestead.com"},
{"id":875,"first_name":"Guendolen","last_name":"Harsant","email":"gharsantoa@parallels.com"},
{"id":876,"first_name":"Oona","last_name":"MacClinton","email":"omacclintonob@gnu.org"},
{"id":877,"first_name":"Clair","last_name":"Cleal","email":"cclealoc@time.com"},
{"id":878,"first_name":"Jacynth","last_name":"Briddle","email":"jbriddleod@xing.com"},
{"id":879,"first_name":"My","last_name":"Poleykett","email":"mpoleykettoe@apple.com"},
{"id":880,"first_name":"Rubetta","last_name":"Blackney","email":"rblackneyof@theguardian.com"},
{"id":881,"first_name":"Ninette","last_name":"Mallett","email":"nmallettog@bizjournals.com"},
{"id":882,"first_name":"William","last_name":"Cotsford","email":"wcotsfordoh@dagondesign.com"},
{"id":883,"first_name":"Sashenka","last_name":"Maulin","email":"smaulinoi@wufoo.com"},
{"id":884,"first_name":"Celene","last_name":"McCutheon","email":"cmccutheonoj@indiatimes.com"},
{"id":885,"first_name":"Aurelia","last_name":"Downe","email":"adowneok@nba.com"},
{"id":886,"first_name":"Ileane","last_name":"Crocumbe","email":"icrocumbeol@cnbc.com"},
{"id":887,"first_name":"Marilyn","last_name":"Fountain","email":"mfountainom@ucoz.com"},
{"id":888,"first_name":"Tremain","last_name":"McBlain","email":"tmcblainon@nature.com"},
{"id":889,"first_name":"Marcello","last_name":"Rabier","email":"mrabieroo@businessinsider.com"},
{"id":890,"first_name":"Aarika","last_name":"Carberry","email":"acarberryop@deviantart.com"},
{"id":891,"first_name":"Frasco","last_name":"Dawidowitz","email":"fdawidowitzoq@usda.gov"},
{"id":892,"first_name":"Taber","last_name":"Hatherleigh","email":"thatherleighor@walmart.com"},
{"id":893,"first_name":"Kristin","last_name":"Derx","email":"kderxos@youtube.com"},
{"id":894,"first_name":"Cyndy","last_name":"Milkin","email":"cmilkinot@trellian.com"},
{"id":895,"first_name":"Latisha","last_name":"MacAscaidh","email":"lmacascaidhou@who.int"},
{"id":896,"first_name":"Cobb","last_name":"Binion","email":"cbinionov@dot.gov"},
{"id":897,"first_name":"Babita","last_name":"Abrami","email":"babramiow@1688.com"},
{"id":898,"first_name":"Carleen","last_name":"Lewin","email":"clewinox@weather.com"},
{"id":899,"first_name":"Hannie","last_name":"Wheway","email":"hwhewayoy@fema.gov"},
{"id":900,"first_name":"Aland","last_name":"Suller","email":"asulleroz@nsw.gov.au"},
{"id":901,"first_name":"Egan","last_name":"Bock","email":"ebockp0@mail.ru"},
{"id":902,"first_name":"Jillane","last_name":"Temporal","email":"jtemporalp1@nature.com"},
{"id":903,"first_name":"Bette-ann","last_name":"Badcock","email":"bbadcockp2@lulu.com"},
{"id":904,"first_name":"Mathilde","last_name":"Elwin","email":"melwinp3@wikipedia.org"},
{"id":905,"first_name":"Devonna","last_name":"Cereceres","email":"dcereceresp4@springer.com"},
{"id":906,"first_name":"Alica","last_name":"Gorghetto","email":"agorghettop5@hatena.ne.jp"},
{"id":907,"first_name":"Pat","last_name":"Greir","email":"pgreirp6@hubpages.com"},
{"id":908,"first_name":"Averil","last_name":"Mingus","email":"amingusp7@icq.com"},
{"id":909,"first_name":"Johannah","last_name":"Harvison","email":"jharvisonp8@purevolume.com"},
{"id":910,"first_name":"Gaylor","last_name":"Stoney","email":"gstoneyp9@skype.com"},
{"id":911,"first_name":"Elliot","last_name":"Grazier","email":"egrazierpa@shinystat.com"},
{"id":912,"first_name":"Lynda","last_name":"Blizard","email":"lblizardpb@umn.edu"},
{"id":913,"first_name":"Dosi","last_name":"Scotsbrook","email":"dscotsbrookpc@nba.com"},
{"id":914,"first_name":"Augusto","last_name":"Stoffler","email":"astofflerpd@google.ru"},
{"id":915,"first_name":"Devlen","last_name":"Stuckley","email":"dstuckleype@youku.com"},
{"id":916,"first_name":"Hazlett","last_name":"Shaxby","email":"hshaxbypf@fda.gov"},
{"id":917,"first_name":"Carole","last_name":"Saura","email":"csaurapg@weebly.com"},
{"id":918,"first_name":"Chelsea","last_name":"Malenoir","email":"cmalenoirph@lulu.com"},
{"id":919,"first_name":"Iona","last_name":"McGready","email":"imcgreadypi@purevolume.com"},
{"id":920,"first_name":"Madelena","last_name":"Bevar","email":"mbevarpj@odnoklassniki.ru"},
{"id":921,"first_name":"Maurice","last_name":"Renwick","email":"mrenwickpk@purevolume.com"},
{"id":922,"first_name":"Libbey","last_name":"De Michetti","email":"ldemichettipl@vinaora.com"},
{"id":923,"first_name":"Robert","last_name":"Levene","email":"rlevenepm@bloglovin.com"},
{"id":924,"first_name":"Emylee","last_name":"Adamoli","email":"eadamolipn@sun.com"},
{"id":925,"first_name":"Anatole","last_name":"Priestnall","email":"apriestnallpo@cnbc.com"},
{"id":926,"first_name":"Erwin","last_name":"Arnhold","email":"earnholdpp@diigo.com"},
{"id":927,"first_name":"Reba","last_name":"Hinckley","email":"rhinckleypq@topsy.com"},
{"id":928,"first_name":"Royce","last_name":"Kimbrey","email":"rkimbreypr@msn.com"},
{"id":929,"first_name":"Nealy","last_name":"Argrave","email":"nargraveps@artisteer.com"},
{"id":930,"first_name":"Jere","last_name":"Colbron","email":"jcolbronpt@columbia.edu"},
{"id":931,"first_name":"Darnall","last_name":"Beaston","email":"dbeastonpu@washington.edu"},
{"id":932,"first_name":"Leah","last_name":"Bovaird","email":"lbovairdpv@fastcompany.com"},
{"id":933,"first_name":"Loretta","last_name":"Tripp","email":"ltripppw@adobe.com"},
{"id":934,"first_name":"Irita","last_name":"Detoc","email":"idetocpx@pbs.org"},
{"id":935,"first_name":"Gonzales","last_name":"Carrington","email":"gcarringtonpy@phpbb.com"},
{"id":936,"first_name":"Flory","last_name":"Ranscomb","email":"franscombpz@google.ca"},
{"id":937,"first_name":"Duane","last_name":"Smallcomb","email":"dsmallcombq0@slate.com"},
{"id":938,"first_name":"Latrina","last_name":"Matthiesen","email":"lmatthiesenq1@canalblog.com"},
{"id":939,"first_name":"Joelle","last_name":"Paine","email":"jpaineq2@amazon.co.jp"},
{"id":940,"first_name":"Mariellen","last_name":"Kubasek","email":"mkubasekq3@ask.com"},
{"id":941,"first_name":"Bianka","last_name":"Cough","email":"bcoughq4@artisteer.com"},
{"id":942,"first_name":"Nonna","last_name":"Gromley","email":"ngromleyq5@irs.gov"},
{"id":943,"first_name":"Rainer","last_name":"Jalland","email":"rjallandq6@posterous.com"},
{"id":944,"first_name":"Zorine","last_name":"Tegeller","email":"ztegellerq7@nydailynews.com"},
{"id":945,"first_name":"Laurens","last_name":"Davids","email":"ldavidsq8@cnn.com"},
{"id":946,"first_name":"Maje","last_name":"Danilchev","email":"mdanilchevq9@cnbc.com"},
{"id":947,"first_name":"Inglebert","last_name":"Barlee","email":"ibarleeqa@businessweek.com"},
{"id":948,"first_name":"Phillis","last_name":"Mains","email":"pmainsqb@cornell.edu"},
{"id":949,"first_name":"Ebeneser","last_name":"Chin","email":"echinqc@behance.net"},
{"id":950,"first_name":"Burty","last_name":"Haslock","email":"bhaslockqd@auda.org.au"},
{"id":951,"first_name":"Evy","last_name":"Cristofvao","email":"ecristofvaoqe@dropbox.com"},
{"id":952,"first_name":"Stefano","last_name":"Kenright","email":"skenrightqf@hc360.com"},
{"id":953,"first_name":"Denise","last_name":"Conisbee","email":"dconisbeeqg@umn.edu"},
{"id":954,"first_name":"Consolata","last_name":"Ornillos","email":"cornillosqh@usgs.gov"},
{"id":955,"first_name":"Jackson","last_name":"Luck","email":"jluckqi@squidoo.com"},
{"id":956,"first_name":"Lucille","last_name":"Helkin","email":"lhelkinqj@noaa.gov"},
{"id":957,"first_name":"Fannie","last_name":"Biagioni","email":"fbiagioniqk@123-reg.co.uk"},
{"id":958,"first_name":"Ketty","last_name":"Borgne","email":"kborgneql@moonfruit.com"},
{"id":959,"first_name":"Kaleena","last_name":"Cusworth","email":"kcusworthqm@freewebs.com"},
{"id":960,"first_name":"Merrielle","last_name":"Obbard","email":"mobbardqn@dyndns.org"},
{"id":961,"first_name":"Rubin","last_name":"Paradin","email":"rparadinqo@ftc.gov"},
{"id":962,"first_name":"Lynnelle","last_name":"Marde","email":"lmardeqp@washingtonpost.com"},
{"id":963,"first_name":"Rianon","last_name":"Jeschner","email":"rjeschnerqq@reddit.com"},
{"id":964,"first_name":"Jeddy","last_name":"Finch","email":"jfinchqr@deviantart.com"},
{"id":965,"first_name":"Cecilla","last_name":"Travis","email":"ctravisqs@tinyurl.com"},
{"id":966,"first_name":"Jethro","last_name":"Petasch","email":"jpetaschqt@cloudflare.com"},
{"id":967,"first_name":"Hoyt","last_name":"Gabotti","email":"hgabottiqu@odnoklassniki.ru"},
{"id":968,"first_name":"Tait","last_name":"Lahive","email":"tlahiveqv@whitehouse.gov"},
{"id":969,"first_name":"Bekki","last_name":"Wreak","email":"bwreakqw@senate.gov"},
{"id":970,"first_name":"Elga","last_name":"Ellesmere","email":"eellesmereqx@facebook.com"},
{"id":971,"first_name":"Gibby","last_name":"Bevis","email":"gbevisqy@cpanel.net"},
{"id":972,"first_name":"Christel","last_name":"Swinley","email":"cswinleyqz@tamu.edu"},
{"id":973,"first_name":"Cob","last_name":"Favill","email":"cfavillr0@shop-pro.jp"},
{"id":974,"first_name":"Chane","last_name":"Tansey","email":"ctanseyr1@hatena.ne.jp"},
{"id":975,"first_name":"Fenelia","last_name":"Cheine","email":"fcheiner2@sbwire.com"},
{"id":976,"first_name":"Karon","last_name":"Creegan","email":"kcreeganr3@auda.org.au"},
{"id":977,"first_name":"Stacy","last_name":"Exon","email":"sexonr4@spiegel.de"},
{"id":978,"first_name":"Garrik","last_name":"Bathurst","email":"gbathurstr5@twitpic.com"},
{"id":979,"first_name":"Emmie","last_name":"Swinglehurst","email":"eswinglehurstr6@1688.com"},
{"id":980,"first_name":"Angeli","last_name":"D'orsay","email":"adorsayr7@spiegel.de"},
{"id":981,"first_name":"Hale","last_name":"Pick","email":"hpickr8@msu.edu"},
{"id":982,"first_name":"Annmaria","last_name":"Jennrich","email":"ajennrichr9@soundcloud.com"},
{"id":983,"first_name":"Garvy","last_name":"Rodinger","email":"grodingerra@rediff.com"},
{"id":984,"first_name":"Godiva","last_name":"Reddel","email":"greddelrb@adobe.com"},
{"id":985,"first_name":"Karry","last_name":"Benza","email":"kbenzarc@apple.com"},
{"id":986,"first_name":"Barrie","last_name":"Clohessy","email":"bclohessyrd@unesco.org"},
{"id":987,"first_name":"Cecilia","last_name":"Gayforth","email":"cgayforthre@sourceforge.net"},
{"id":988,"first_name":"Ingunna","last_name":"Evequot","email":"ievequotrf@blogger.com"},
{"id":989,"first_name":"Garfield","last_name":"O'Rafferty","email":"goraffertyrg@ucla.edu"},
{"id":990,"first_name":"Terri-jo","last_name":"Beningfield","email":"tbeningfieldrh@abc.net.au"},
{"id":991,"first_name":"Jayme","last_name":"Tilburn","email":"jtilburnri@hud.gov"},
{"id":992,"first_name":"Allyn","last_name":"Jelliman","email":"ajellimanrj@mashable.com"},
{"id":993,"first_name":"Nanny","last_name":"Dammarell","email":"ndammarellrk@paypal.com"},
{"id":994,"first_name":"Brandie","last_name":"Hewlings","email":"bhewlingsrl@xrea.com"},
{"id":995,"first_name":"Velma","last_name":"Cracknell","email":"vcracknellrm@netvibes.com"},
{"id":996,"first_name":"Patty","last_name":"Cabell","email":"pcabellrn@discuz.net"},
{"id":997,"first_name":"Ynes","last_name":"Pauleau","email":"ypauleauro@cam.ac.uk"},
{"id":998,"first_name":"Saloma","last_name":"Elstob","email":"selstobrp@wufoo.com"},
{"id":999,"first_name":"Genny","last_name":"Treasure","email":"gtreasurerq@mapy.cz"},
{"id":1000,"first_name":"Worth","last_name":"Bernucci","email":"wbernuccirr@etsy.com"}]